Origine;Type tarif;Prix
AVIGNON TGV;Tarif normal;14.3
MARSEILLE ST CHARLES;Tarif normal;4.4
MARSEILLE ST CHARLES;Tarif normal;5.9
MOUANS-SARTOUX;Tarif normal;16.3
SISTERON;Tarif normal;19.1
LA BRILLANNE ORAISON;Tarif normal;8.1
SIMIANE;Tarif normal;5.0
L'ESTAQUE;Tarif normal;12.3
AUBAGNE;Tarif normal;14.1
MIRAMAS;Tarif normal;7.9
MIRAMAS;Tarif normal;10.0
SENAS;Tarif normal;4.6
TOULON;Tarif normal;3.9
TOULON;Tarif normal;28.7
MARSEILLE ST CHARLES;Tarif normal;3.9
BANDOL;Tarif normal;5.9
MOUANS-SARTOUX;Tarif normal;4.4
LA CRAU;Tarif normal;3.7
NICE PONT MICHEL;Tarif normal;4.4
HYERES;Tarif normal;5.3
NICE VILLE;Tarif normal;57.0
SISTERON;Tarif normal;5.2
MANOSQUE GREOUX LES BAINS;Tarif normal;35.3
MARSEILLE ST CHARLES;Tarif normal;10.0
MENTON;Abonnement tout public;60.7
MENTON;Abonnement tout public;88.3
NICE RIQUIER;Tarif normal;10.5
SISTERON;Tarif normal;8.1
SIMIANE;Tarif normal;47.0
BEAULIEU SUR MER;Tarif normal;41.8
BEAULIEU SUR MER;Tarif normal;5.5
LA BRILLANNE ORAISON;Tarif normal;17.6
L'ESTAQUE;Tarif normal;28.4
LA PENNE SUR HUVEAUNE;Tarif normal;5.5
CASSIS;Tarif normal;6.2
ANTIBES;Abonnement tout public;24.5
L'ESTAQUE;Tarif normal;4.2
AUBAGNE;Tarif normal;6.0
SEPTEMES;Tarif normal;7.2
PAS DES LANCIERS;Tarif normal;13.2
BEDARRIDES;Abonnement tout public;41.5
AUBAGNE;Tarif normal;12.0
AVIGNON CENTRE;Abonnement tout public;189.2
MIRAMAS;Tarif normal;14.7
CAP MARTIN ROQUEBRUNE;Tarif normal;6.0
CASSIS;Tarif normal;40.8
SAUSSET LES PINS;Tarif normal;5.0
MENTON;Tarif normal;36.3
ARLES;Tarif normal;14.3
CARRY LE ROUET;Tarif normal;7.4
LA REDONNE ENSUES;Tarif normal;10.7
LA COURONNE CARRO;Tarif normal;3.9
ARLES;Tarif normal;14.3
ARLES;Tarif normal;52.9
TOULON;Tarif normal;28.1
CANNES LA BOCCA;Tarif normal;7.4
GOLFE JUAN VALLAURIS;Tarif normal;10.9
GRASSE;Tarif normal;13.4
RANGUIN;Tarif normal;16.8
CUERS PIERREFEU;Tarif normal;16.8
AVIGNON CENTRE;Tarif normal;59.5
LES ARCS DRAGUIGNAN;Tarif normal;18.3
HYERES;Tarif normal;6.7
NICE VILLE;Tarif normal;40.3
NICE VILLE;Tarif normal;52.9
HYERES;Tarif normal;26.5
HYERES;Tarif normal;29.5
NICE VILLE;Tarif normal;14.1
HYERES;Tarif normal;10.5
CAGNES SUR MER;Tarif normal;29.7
NICE VILLE;Tarif normal;4.4
CAP D'AIL;Tarif normal;3.7
NICE RIQUIER;Tarif normal;5.0
CAP D'AIL;Tarif normal;9.8
MONACO MONTE CARLO;Tarif normal;12.9
CARNOLES;Tarif normal;26.7
CARNOLES;Tarif normal;8.9
LA TRINITE VICTOR;Tarif normal;5.3
CANNES;Tarif normal;17.3
MANDELIEU LA NAPOULE;Tarif normal;12.7
ANTIBES;Tarif normal;4.8
GOLFE JUAN VALLAURIS;Tarif normal;5.9
RANGUIN;Tarif normal;5.7
ANTIBES;Tarif normal;31.3
CAP MARTIN ROQUEBRUNE;Tarif normal;13.0
ST RAPHAEL VALESCURE;Tarif normal;14.1
LE BOSQUET;Tarif normal;16.3
AIX EN PROVENCE;Tarif normal;4.8
MANDELIEU LA NAPOULE;Tarif normal;5.5
TARASCON SUR RHONE;Tarif normal;21.5
L'ESTAQUE;Tarif normal;11.4
CASSIS;Tarif normal;24.2
MANOSQUE GREOUX LES BAINS;Abonnement tout public;113.8
MIRAMAS;Tarif normal;4.8
L'ESCARENE;Tarif normal;6.0
CANNES LA BOCCA;Tarif normal;7.2
SIMIANE;Abonnement tout public;25.9
MARTIGUES;Tarif normal;12.9
SOSPEL;Tarif normal;4.8
TOULON;Tarif normal;16.2
TOULON;Tarif normal;49.9
LA PAULINE;Tarif normal;11.4
SALON;Abonnement tout public;37.0
CUERS PIERREFEU;Abonnement tout public;58.7
VILLENEUVE LOUBET PLAGE;Tarif normal;7.9
ST RAPHAEL VALESCURE;Tarif normal;15.4
ST RAPHAEL VALESCURE;Tarif normal;18.2
HYERES;Abonnement tout public;84.6
MONACO MONTE CARLO;Tarif normal;12.7
BOULOURIS SUR MER;Tarif normal;3.9
SOSPEL;Tarif normal;7.9
ST LAURENT DU VAR;Abonnement tout public;43.7
MONACO MONTE CARLO;Abonnement tout public;60.7
MONACO MONTE CARLO;Abonnement tout public;104.9
BIOT;Tarif normal;6.2
GOLFE JUAN VALLAURIS;Tarif normal;10.7
GOLFE JUAN VALLAURIS;Tarif normal;12.3
FREJUS;Abonnement tout public;84.6
ST RAPHAEL VALESCURE;Abonnement tout public;115.2
BRIANCON;Tarif normal;22.9
LARAGNE;Tarif normal;17.8
AVIGNON CENTRE;Tarif normal;45.6
LE BOSQUET;Abonnement tout public;60.7
BOLLENE LA CROISIERE;Abonnement tout public;104.9
ROGNAC;Abonnement tout public;68.1
BIOT;Tarif normal;13.2
LA SEYNE SIX FOURS;Abonnement tout public;123.7
BIOT;Tarif normal;4.2
GONFARON;Abonnement tout public;82.8
HYERES;Abonnement tout public;54.7
SERRES;Tarif normal;20.9
VILLENEUVE LOUBET PLAGE;Abonnement tout public;46.7
CAGNES SUR MER;Abonnement tout public;41.5
ST LAURENT DU VAR;Abonnement tout public;60.7
SORGUES CHATEAUNEUF DU PAPE;Tarif normal;4.6
SORGUES CHATEAUNEUF DU PAPE;Tarif normal;9.4
MONTFAVET;Tarif normal;12.5
AVIGNON CENTRE;Tarif normal;31.8
CAVAILLON;Tarif normal;4.6
ARENC-EUROMEDITERRANEE;Tarif normal;8.4
MENTON;Abonnement tout public;46.7
SOSPEL;Abonnement tout public;99.3
VINTIMILLE SNCF;Tarif normal;8.6
MANDELIEU LA NAPOULE;Abonnement tout public;77.3
ANTIBES;Abonnement tout public;99.3
GRASSE;Abonnement tout public;52.7
AVIGNON CENTRE;Abonnement tout public;77.3
MARSEILLE ST CHARLES;Tarif normal;13.0
MARSEILLE ST CHARLES;Tarif normal;37.4
MEYRARGUES;Tarif normal;20.2
SIMIANE;Tarif normal;23.0
CASSIS;Tarif normal;16.2
SEPTEMES;Tarif normal;12.7
ROGNAC;Tarif normal;14.5
LA PAULINE;Tarif normal;7.4
CARNOULES;Tarif normal;26.2
NICE VILLE;Tarif normal;20.9
CAGNES SUR MER;Tarif normal;13.8
MARSEILLE ST CHARLES;Tarif normal;26.5
MARSEILLE ST CHARLES;Tarif normal;24.1
AIX EN PROVENCE;Tarif normal;43.2
ARLES;Tarif normal;31.2
CAP D'AIL;Tarif normal;10.2
NICE VILLE;Tarif normal;6.0
NICE VILLE;Tarif normal;10.5
CAP D'AIL;Tarif normal;4.6
CANNES LA BOCCA;Tarif normal;11.2
CANNES;Tarif normal;10.3
ANTIBES;Tarif normal;31.8
RANGUIN;Tarif normal;3.7
SERRES;Tarif normal;16.8
FREJUS;Tarif normal;19.9
ST RAPHAEL VALESCURE;Tarif normal;17.8
MARSEILLE BLANCARDE;Abonnement tout public;132.1
MARSEILLE BLANCARDE;Abonnement tout public;104.9
LA BRILLANNE ORAISON;Abonnement tout public;154.2
GARDANNE;Abonnement tout public;34.8
SIMIANE;Abonnement tout public;58.7
ST RAPHAEL VALESCURE;Tarif normal;11.8
MANDELIEU LA NAPOULE;Tarif normal;8.6
NICE VILLE;Abonnement tout public;24.5
CANNES LA BOCCA;Tarif normal;4.4
NICE RIQUIER;Abonnement tout public;92.0
MARSEILLE ST CHARLES;Tarif normal;39.3
CHATEAU ARNOUX ST AUBAN;Tarif normal;18.4
MONACO MONTE CARLO;Abonnement tout public;46.7
MONACO MONTE CARLO;Abonnement tout public;68.1
MONACO MONTE CARLO;Abonnement tout public;24.5
MIRAMAS;Tarif normal;12.5
CARRY LE ROUET;Tarif normal;4.4
ARLES;Tarif normal;22.0
TOULON;Tarif normal;20.0
LES ARCS DRAGUIGNAN;Tarif normal;20.0
LES ARCS DRAGUIGNAN;Tarif normal;19.9
AVIGNON TGV;Tarif normal;7.2
GAP;Tarif normal;8.4
NICE VILLE;Tarif normal;15.4
VEYNES DEVOLUY;Tarif normal;10.3
CROS DE CAGNES;Tarif normal;9.4
AIX EN PROVENCE;Tarif normal;22.2
AIX EN PROVENCE;Tarif normal;18.3
ST LAURENT DU VAR;Tarif normal;8.4
EMBRUN;Tarif normal;58.1
SEPTEMES;Tarif normal;18.5
BOLLENE LA CROISIERE;Tarif normal;16.2
CARNOLES;Tarif normal;13.4
CARRY LE ROUET;Tarif normal;7.9
SALON;Tarif normal;7.4
ST CYR LES LECQUES LA CADI;Tarif normal;9.8
LE LUC ET LE CANNET;Tarif normal;4.6
HYERES;Tarif normal;35.7
MENTON GARAVAN;Tarif normal;8.2
LA TRINITE VICTOR;Tarif normal;8.2
CANNES;Tarif normal;11.2
ANTIBES;Tarif normal;19.5
CHORGES;Tarif normal;30.4
SERRES;Tarif normal;28.1
AVIGNON CENTRE;Tarif normal;10.2
TARASCON SUR RHONE;Tarif normal;5.5
CAVAILLON;Tarif normal;14.3
GARDANNE;Abonnement tout public;56.7
ST CYR LES LECQUES LA CADI;Abonnement tout public;68.1
LE LUC ET LE CANNET;Abonnement tout public;113.5
NICE VILLE;Abonnement tout public;34.8
CAGNES SUR MER;Abonnement tout public;81.0
CAGNES SUR MER;Abonnement tout public;60.7
MOUANS-SARTOUX;Tarif normal;5.7
NICE RIQUIER;Abonnement tout public;39.3
MARSEILLE ST CHARLES;Tarif normal;28.1
MARSEILLE ST CHARLES;Tarif normal;33.2
AIX EN PROVENCE;Tarif normal;5.7
MARSEILLE ST CHARLES;Tarif normal;11.8
AIX EN PROVENCE;Tarif normal;25.8
ST MARCEL;Tarif normal;12.1
STE MARTHE EN PROVENCE;Tarif normal;6.9
LA COURONNE CARRO;Tarif normal;10.0
ST CYR LES LECQUES LA CADI;Tarif normal;8.4
ST CYR LES LECQUES LA CADI;Tarif normal;30.8
SOLLIES PONT;Tarif normal;17.8
LA PAULINE;Tarif normal;6.4
SOLLIES PONT;Tarif normal;18.0
NICE VILLE;Tarif normal;40.8
NICE RIQUIER;Tarif normal;12.3
NICE RIQUIER;Tarif normal;8.6
BEAULIEU SUR MER;Tarif normal;12.1
EZE;Tarif normal;11.8
BREIL SUR ROYA;Tarif normal;10.3
MONACO MONTE CARLO;Tarif normal;39.3
CANNES LA BOCCA;Tarif normal;10.5
CANNES;Tarif normal;33.0
LE DRAMONT;Tarif normal;14.1
THEOULE SUR MER;Tarif normal;5.7
MANDELIEU LA NAPOULE;Tarif normal;39.1
JUAN LES PINS;Tarif normal;7.9
EMBRUN;Tarif normal;32.7
BRIANCON;Tarif normal;14.8
BOLLENE LA CROISIERE;Tarif normal;44.0
SERRES;Tarif normal;13.1
MARSEILLE ST CHARLES;Abonnement tout public;144.0
MARSEILLE ST CHARLES;Abonnement tout public;130.5
LARAGNE;Tarif normal;13.1
AUBAGNE;Abonnement tout public;39.3
PAS DES LANCIERS;Abonnement tout public;50.7
LA SEYNE SIX FOURS;Abonnement tout public;24.5
LA GARDE;Abonnement tout public;25.9
AVIGNON CENTRE;Tarif normal;6.9
CUERS PIERREFEU;Abonnement tout public;68.1
NICE VILLE;Abonnement tout public;58.7
NICE RIQUIER;Abonnement tout public;50.7
NICE RIQUIER;Abonnement tout public;32.6
NICE RIQUIER;Abonnement tout public;32.6
CAVAILLON;Tarif normal;9.6
ANTIBES;Abonnement tout public;41.5
CAVAILLON;Abonnement tout public;24.5
ST RAPHAEL VALESCURE;Abonnement tout public;225.8
CANNES;Abonnement tout public;24.5
GOLFE JUAN VALLAURIS;Abonnement tout public;93.8
JUAN LES PINS;Abonnement tout public;37.0
ANTIBES;Abonnement tout public;34.8
GRASSE;Abonnement tout public;110.1
AVIGNON CENTRE;Abonnement tout public;50.7
SORGUES CHATEAUNEUF DU PAPE;Abonnement tout public;32.6
MARSEILLE ST CHARLES;Tarif normal;17.0
MARSEILLE BLANCARDE;Tarif normal;5.3
L'ESTAQUE;Tarif normal;10.3
LA PENNE SUR HUVEAUNE;Tarif normal;5.3
AUBAGNE;Tarif normal;4.2
MIRAMAS;Tarif normal;8.9
MIRAMAS;Tarif normal;18.0
PAS DES LANCIERS;Tarif normal;19.0
ISTRES;Tarif normal;5.3
CARRY LE ROUET;Tarif normal;5.9
TOULON;Tarif normal;34.8
LA GARDE;Tarif normal;8.2
CARNOULES;Tarif normal;8.2
LE LUC ET LE CANNET;Tarif normal;16.8
CROS DE CAGNES;Tarif normal;13.8
CAP D'AIL;Tarif normal;7.2
CARNOLES;Tarif normal;19.7
MARSEILLE ST CHARLES;Tarif normal;19.7
AVIGNON TGV;Tarif normal;35.9
MOUANS-SARTOUX;Tarif normal;38.3
FREJUS;Tarif normal;48.2
GARDANNE;Tarif normal;7.2
MANOSQUE GREOUX LES BAINS;Tarif normal;11.9
L'ESTAQUE;Tarif normal;20.4
SEPTEMES;Tarif normal;3.9
CARRY LE ROUET;Tarif normal;6.9
TOULON;Tarif normal;19.7
TOULON;Tarif normal;13.2
LE LUC ET LE CANNET;Tarif normal;10.3
LES ARCS DRAGUIGNAN;Tarif normal;16.7
CROS DE CAGNES;Tarif normal;10.3
EMBRUN;Tarif normal;29.9
NICE RIQUIER;Tarif normal;20.4
SERRES;Tarif normal;14.6
LARAGNE;Tarif normal;21.6
CARNOLES;Tarif normal;19.2
CARNOLES;Tarif normal;11.4
BREIL SUR ROYA;Tarif normal;17.3
CANNES;Tarif normal;3.7
ST RAPHAEL VALESCURE;Tarif normal;20.5
JUAN LES PINS;Tarif normal;11.4
MANDELIEU LA NAPOULE;Tarif normal;6.2
CANNES;Tarif normal;36.7
CANNES;Tarif normal;5.5
EMBRUN;Tarif normal;36.7
BRIANCON;Tarif normal;12.7
BRIANCON;Tarif normal;59.6
GAP;Tarif normal;49.3
MONTDAUPHIN GUILLESTRE;Tarif normal;60.4
CAVAILLON;Tarif normal;6.0
MARSEILLE ST CHARLES;Tarif normal;23.0
MARSEILLE BLANCARDE;Tarif normal;18.0
VINTIMILLE SNCF;Tarif normal;13.8
MARSEILLE ST CHARLES;Tarif normal;34.0
GARDANNE;Tarif normal;8.2
LA BRILLANNE ORAISON;Tarif normal;14.0
MARTIGUES;Tarif normal;12.0
MIRAMAS;Tarif normal;17.8
SAUSSET LES PINS;Tarif normal;8.4
ISTRES;Tarif normal;9.1
LA COURONNE CARRO;Tarif normal;7.9
ARLES;Tarif normal;13.8
SAUSSET LES PINS;Tarif normal;12.1
ARLES;Tarif normal;16.0
ARLES;Tarif normal;12.0
ST MARTIN CRAU;Tarif normal;7.4
LA PAULINE;Tarif normal;9.6
BANDOL;Tarif normal;10.0
LA GARDE;Tarif normal;7.4
LA PAULINE;Tarif normal;14.3
SIMIANE;Tarif normal;10.9
SIMIANE;Tarif normal;19.7
NICE VILLE;Tarif normal;11.6
ST MARCEL;Tarif normal;17.8
AUBAGNE;Tarif normal;24.1
PIGNANS;Tarif normal;14.1
NICE VILLE;Tarif normal;12.0
NICE RIQUIER;Tarif normal;6.2
SALON;Tarif normal;7.2
CUERS PIERREFEU;Tarif normal;12.1
MONACO MONTE CARLO;Tarif normal;13.9
LA CRAU;Tarif normal;5.3
HYERES;Tarif normal;11.6
NICE VILLE;Tarif normal;37.2
NICE RIQUIER;Tarif normal;12.1
VILLENEUVE LOUBET PLAGE;Tarif normal;17.3
CAGNES SUR MER;Tarif normal;11.1
CROS DE CAGNES;Tarif normal;6.4
ST LAURENT DU VAR;Tarif normal;4.6
BEAULIEU SUR MER;Tarif normal;7.2
BEAULIEU SUR MER;Tarif normal;17.2
DRAP CANTARON;Tarif normal;16.2
FREJUS;Tarif normal;14.7
DRAP CANTARON;Tarif normal;6.0
ST RAPHAEL VALESCURE;Tarif normal;12.0
ST RAPHAEL VALESCURE;Tarif normal;19.2
MENTON GARAVAN;Tarif normal;15.7
PEILLON STE THECLE;Tarif normal;5.0
L'ESCARENE;Tarif normal;7.9
SOSPEL;Tarif normal;9.1
BOULOURIS SUR MER;Tarif normal;6.9
FREJUS;Tarif normal;3.9
MANDELIEU LA NAPOULE;Tarif normal;25.2
CANNES;Tarif normal;11.8
GRASSE;Tarif normal;7.9
LA FRAYERE;Tarif normal;13.0
ANTIBES;Tarif normal;37.6
ANTIBES;Tarif normal;24.7
MONTDAUPHIN GUILLESTRE;Tarif normal;31.7
AUBAGNE;Tarif normal;38.5
MIRAMAS;Tarif normal;7.7
ROGNAC;Tarif normal;25.7
ISTRES;Tarif normal;44.6
LE BOSQUET;Tarif normal;6.0
CARRY LE ROUET;Tarif normal;39.6
GAP;Tarif normal;10.9
SORGUES CHATEAUNEUF DU PAPE;Tarif normal;14.8
TOULON;Tarif normal;12.9
TOULON;Tarif normal;29.1
TARASCON SUR RHONE;Tarif normal;9.1
CHORGES;Tarif normal;12.7
ST CYR LES LECQUES LA CADI;Tarif normal;10.5
CARPENTRAS;Tarif normal;14.8
LE LUC ET LE CANNET;Tarif normal;26.7
LES ARCS DRAGUIGNAN;Tarif normal;3.7
LES ARCS DRAGUIGNAN;Tarif normal;13.0
NICE VILLE;Tarif normal;5.7
CROS DE CAGNES;Tarif normal;30.0
NICE RIQUIER;Tarif normal;4.6
NICE RIQUIER;Tarif normal;3.9
CAP MARTIN ROQUEBRUNE;Tarif normal;13.6
BOULOURIS SUR MER;Tarif normal;17.5
BOULOURIS SUR MER;Tarif normal;6.7
GOLFE JUAN VALLAURIS;Tarif normal;4.4
JUAN LES PINS;Tarif normal;37.9
CARPENTRAS;Tarif normal;17.0
SISTERON;Tarif normal;16.3
CHATEAU ARNOUX ST AUBAN;Tarif normal;44.5
LA BRILLANNE ORAISON;Tarif normal;29.4
MIRAMAS;Tarif normal;21.0
ARLES;Tarif normal;10.0
LA GARDE;Tarif normal;7.2
LE LUC ET LE CANNET;Tarif normal;9.1
LES ARCS DRAGUIGNAN;Tarif normal;16.2
NICE VILLE;Tarif normal;7.7
VILLENEUVE LOUBET PLAGE;Tarif normal;12.7
CAGNES SUR MER;Tarif normal;9.4
ST LAURENT DU VAR;Tarif normal;5.0
NICE RIQUIER;Tarif normal;10.0
MONACO MONTE CARLO;Tarif normal;43.0
CAP MARTIN ROQUEBRUNE;Tarif normal;3.9
CARNOLES;Tarif normal;24.1
CARNOLES;Tarif normal;16.5
L'ESCARENE;Tarif normal;8.9
TENDE;Tarif normal;10.9
ST RAPHAEL VALESCURE;Tarif normal;8.2
CANNES;Tarif normal;5.9
ANTIBES;Tarif normal;11.6
ANTIBES;Tarif normal;15.4
VEYNES DEVOLUY;Tarif normal;3.2
EMBRUN;Tarif normal;12.3
ORANGE;Tarif normal;5.5
SISTERON;Tarif normal;25.6
AIX EN PROVENCE;Tarif normal;8.2
SAINT ANTOINE;Tarif normal;4.6
PORT DE BOUC;Tarif normal;11.4
LA SEYNE SIX FOURS;Tarif normal;27.3
NICE RIQUIER;Tarif normal;41.2
EZE;Tarif normal;7.9
MENTON;Tarif normal;11.1
DRAP CANTARON;Tarif normal;5.9
BREIL SUR ROYA;Tarif normal;11.8
FREJUS;Tarif normal;18.7
THEOULE SUR MER;Tarif normal;7.7
MANDELIEU LA NAPOULE;Tarif normal;13.0
CANNES;Tarif normal;48.3
GRASSE;Tarif normal;12.9
GAP;Tarif normal;32.7
AVIGNON CENTRE;Tarif normal;4.6
SORGUES CHATEAUNEUF DU PAPE;Tarif normal;18.0
MONTEUX;Tarif normal;4.8
VINTIMILLE SNCF;Tarif normal;7.2
AIX EN PROVENCE;Tarif normal;13.6
AIX EN PROVENCE;Tarif normal;19.7
SIMIANE;Tarif normal;18.9
ST MARCEL;Tarif normal;4.4
STE MARTHE EN PROVENCE;Tarif normal;7.2
ROGNAC;Tarif normal;6.0
ST MARTIN CRAU;Tarif normal;5.9
ST CYR LES LECQUES LA CADI;Tarif normal;6.0
LA SEYNE SIX FOURS;Tarif normal;15.0
LES ARCS DRAGUIGNAN;Tarif normal;17.0
HYERES;Tarif normal;16.2
EZE;Tarif normal;5.3
ST RAPHAEL VALESCURE;Tarif normal;3.9
ST RAPHAEL VALESCURE;Tarif normal;4.4
BIOT;Tarif normal;11.1
LA FRAYERE;Tarif normal;6.7
MONTFAVET;Tarif normal;8.2
LE THOR;Tarif normal;10.3
ARENC-EUROMEDITERRANEE;Tarif normal;11.8
MARSEILLE ST CHARLES;Tarif normal;4.6
MARSEILLE ST CHARLES;Tarif normal;36.7
MARSEILLE ST CHARLES;Tarif normal;29.8
MARSEILLE ST CHARLES;Tarif normal;34.4
LA BRILLANNE ORAISON;Tarif normal;34.8
MANOSQUE GREOUX LES BAINS;Tarif normal;4.6
MEYRARGUES;Tarif normal;8.1
L'ESTAQUE;Tarif normal;23.9
ARLES;Tarif normal;28.1
LAMANON;Tarif normal;16.7
TOULON;Tarif normal;5.3
CUERS PIERREFEU;Tarif normal;5.0
LES ARCS DRAGUIGNAN;Tarif normal;13.9
HYERES;Tarif normal;5.9
NICE VILLE;Tarif normal;22.5
MARSEILLE BLANCARDE;Tarif normal;16.5
VILLENEUVE LOUBET PLAGE;Tarif normal;7.7
CAGNES SUR MER;Tarif normal;10.0
MARSEILLE ST CHARLES;Tarif normal;8.2
ST LAURENT DU VAR;Tarif normal;9.1
AIX EN PROVENCE;Tarif normal;11.9
AIX EN PROVENCE;Tarif normal;25.9
AIX EN PROVENCE;Tarif normal;26.0
AIX EN PROVENCE;Tarif normal;37.6
ROGNAC;Tarif normal;8.4
THEOULE SUR MER;Tarif normal;6.7
VEYNES DEVOLUY;Tarif normal;28.7
LA REDONNE ENSUES;Tarif normal;10.3
LA REDONNE ENSUES;Tarif normal;18.7
LARAGNE;Tarif normal;10.9
AVIGNON CENTRE;Tarif normal;57.0
CUERS PIERREFEU;Tarif normal;18.3
NICE VILLE;Tarif normal;41.5
ST LAURENT DU VAR;Tarif normal;39.9
CARNOLES;Tarif normal;16.8
SOSPEL;Tarif normal;10.9
ST RAPHAEL VALESCURE;Tarif normal;17.7
ST RAPHAEL VALESCURE;Tarif normal;7.7
MARSEILLE ST CHARLES;Tarif normal;21.5
ST RAPHAEL VALESCURE;Tarif normal;12.3
BOULOURIS SUR MER;Tarif normal;8.2
ANTIBES;Tarif normal;5.3
BIOT;Tarif normal;10.9
EMBRUN;Tarif normal;8.4
BRIANCON;Tarif normal;42.0
ROGNAC;Tarif normal;24.6
BRIANCON;Tarif normal;9.6
AVIGNON CENTRE;Tarif normal;35.2
SAUSSET LES PINS;Tarif normal;14.5
SORGUES CHATEAUNEUF DU PAPE;Tarif normal;5.5
TOULON;Tarif normal;26.0
LA GARDE;Tarif normal;34.0
PUGET VILLE;Tarif normal;20.9
LES ARCS DRAGUIGNAN;Tarif normal;9.4
CROS DE CAGNES;Tarif normal;9.1
ST LAURENT DU VAR;Tarif normal;9.1
EZE;Tarif normal;5.0
L'ESCARENE;Tarif normal;11.4
TENDE;Tarif normal;14.8
AGAY;Tarif normal;33.4
GOLFE JUAN VALLAURIS;Tarif normal;4.6
BIOT;Tarif normal;9.8
BIOT;Tarif normal;6.0
ORANGE;Tarif normal;18.5
NICE PONT MICHEL;Tarif normal;5.0
SIMIANE;Tarif normal;13.0
AUBAGNE;Tarif normal;5.3
MIRAMAS;Tarif normal;6.2
MIRAMAS;Tarif normal;5.0
ST MARTIN CRAU;Tarif normal;11.6
TOULON;Tarif normal;15.2
AVIGNON TGV;Tarif normal;5.3
MOUANS-SARTOUX;Tarif normal;15.7
LA GARDE;Tarif normal;28.6
L'ESTAQUE;Tarif normal;13.6
MARSEILLE ST CHARLES;Tarif normal;30.0
MARSEILLE BLANCARDE;Tarif normal;27.1
MOUANS-SARTOUX;Tarif normal;9.6
VINTIMILLE SNCF;Tarif normal;10.2
CHATEAU ARNOUX ST AUBAN;Tarif normal;17.9
VILLENEUVE LOUBET PLAGE;Tarif normal;6.4
MANOSQUE GREOUX LES BAINS;Tarif normal;10.3
CAGNES SUR MER;Tarif normal;10.0
MARSEILLE ST CHARLES;Tarif normal;19.2
ST LAURENT DU VAR;Tarif normal;14.3
AIX EN PROVENCE;Tarif normal;14.0
NICE RIQUIER;Tarif normal;11.6
MARSEILLE ST CHARLES;Tarif normal;41.2
MENTON;Abonnement tout public;54.7
GARDANNE;Tarif normal;6.9
SIMIANE;Tarif normal;14.0
CANNES;Abonnement tout public;54.7
SISTERON;Tarif normal;10.3
CANNES;Abonnement tout public;116.9
BEAULIEU SUR MER;Tarif normal;3.7
JUAN LES PINS;Abonnement tout public;58.7
LE BOSQUET;Abonnement tout public;41.5
BRIANCON;Abonnement tout public;81.0
ROGNAC;Tarif normal;20.5
AUBAGNE;Tarif normal;14.7
CASSIS;Tarif normal;13.4
CARPENTRAS;Abonnement tout public;73.6
PAS DES LANCIERS;Tarif normal;18.5
MONACO MONTE CARLO;Tarif normal;18.7
ARLES;Tarif normal;19.2
FREJUS;Tarif normal;4.6
CARRY LE ROUET;Tarif normal;5.7
MANDELIEU LA NAPOULE;Tarif normal;7.2
ARLES;Tarif normal;14.8
ST CYR LES LECQUES LA CADI;Tarif normal;6.2
LA GARDE;Tarif normal;12.0
SOLLIES PONT;Tarif normal;5.9
LA CRAU;Tarif normal;10.3
AVIGNON CENTRE;Tarif normal;8.2
CARNOULES;Tarif normal;21.5
LE LUC ET LE CANNET;Tarif normal;22.5
LA PAULINE;Tarif normal;23.0
LES ARCS DRAGUIGNAN;Tarif normal;22.9
NICE VILLE;Tarif normal;30.9
CAGNES SUR MER;Tarif normal;10.9
NICE VILLE;Tarif normal;34.0
NICE VILLE;Tarif normal;30.9
ST LAURENT DU VAR;Tarif normal;11.4
NICE VILLE;Tarif normal;16.2
BEAULIEU SUR MER;Tarif normal;12.9
BEAULIEU SUR MER;Tarif normal;32.8
EZE;Tarif normal;9.1
MONACO MONTE CARLO;Tarif normal;48.0
ST RAPHAEL VALESCURE;Tarif normal;5.3
MENTON;Tarif normal;7.4
MENTON;Tarif normal;15.0
LA TRINITE VICTOR;Tarif normal;12.0
DRAP CANTARON;Tarif normal;15.4
CANNES;Tarif normal;13.4
EZE;Tarif normal;7.9
GOLFE JUAN VALLAURIS;Tarif normal;15.7
GOLFE JUAN VALLAURIS;Tarif normal;10.2
ANTIBES;Tarif normal;16.5
CANNES LA BOCCA;Tarif normal;6.9
CANNES;Tarif normal;13.8
GRASSE;Tarif normal;9.1
BIOT;Tarif normal;38.5
ST RAPHAEL VALESCURE;Tarif normal;23.8
GRASSE;Tarif normal;8.4
GRASSE;Tarif normal;9.8
RANGUIN;Tarif normal;9.1
AVIGNON CENTRE;Tarif normal;6.9
MOUANS-SARTOUX;Tarif normal;6.9
TARASCON SUR RHONE;Tarif normal;7.9
MARSEILLE ST CHARLES;Tarif normal;12.3
ASPRES SUR BUECH;Tarif normal;3.2
MENTON;Tarif normal;5.9
MARSEILLE ST CHARLES;Tarif normal;36.3
CARPENTRAS;Tarif normal;48.6
SERRES;Tarif normal;10.4
MANDELIEU LA NAPOULE;Tarif normal;8.6
AIX EN PROVENCE;Tarif normal;33.7
L'ESTAQUE;Tarif normal;31.8
VINTIMILLE SNCF;Abonnement tout public;52.7
AUBAGNE;Tarif normal;13.6
CANNES LA BOCCA;Tarif normal;6.0
MARSEILLE ST CHARLES;Abonnement tout public;155.9
AIX EN PROVENCE;Abonnement tout public;103.0
PAS DES LANCIERS;Tarif normal;12.1
ROGNAC;Abonnement tout public;64.7
TOULON;Tarif normal;32.2
SAUSSET LES PINS;Abonnement tout public;71.8
ARLES;Abonnement tout public;82.8
GONFARON;Tarif normal;11.4
TOULON;Abonnement tout public;71.8
BANDOL;Abonnement tout public;46.7
NICE VILLE;Tarif normal;60.1
CAGNES SUR MER;Tarif normal;24.4
PUGET VILLE;Abonnement tout public;71.8
GOLFE JUAN VALLAURIS;Tarif normal;10.2
PIGNANS;Abonnement tout public;86.5
ST RAPHAEL VALESCURE;Tarif normal;11.4
MENTON GARAVAN;Tarif normal;35.3
MENTON GARAVAN;Tarif normal;4.6
ANTIBES;Tarif normal;9.6
NICE RIQUIER;Abonnement tout public;24.5
CANNES;Tarif normal;10.0
NICE RIQUIER;Abonnement tout public;52.7
GOLFE JUAN VALLAURIS;Tarif normal;9.6
CAP MARTIN ROQUEBRUNE;Abonnement tout public;68.1
GOLFE JUAN VALLAURIS;Tarif normal;13.0
MONTDAUPHIN GUILLESTRE;Tarif normal;8.6
JUAN LES PINS;Tarif normal;6.9
JUAN LES PINS;Tarif normal;10.2
ORANGE;Tarif normal;8.6
LA FRAYERE;Abonnement tout public;43.7
MARSEILLE ST CHARLES;Abonnement tout public;32.6
MARSEILLE ST CHARLES;Abonnement tout public;171.6
MARSEILLE BLANCARDE;Abonnement tout public;30.4
LA POMME;Abonnement tout public;32.6
EMBRUN;Abonnement tout public;69.2
AVIGNON CENTRE;Abonnement tout public;58.7
ST CYR LES LECQUES LA CADI;Abonnement tout public;60.7
MONTDAUPHIN GUILLESTRE;Tarif normal;10.9
BIOT;Tarif normal;9.8
NICE VILLE;Abonnement tout public;43.7
NICE VILLE;Abonnement tout public;39.3
NICE VILLE;Abonnement tout public;64.7
VILLENEUVE LOUBET PLAGE;Abonnement tout public;43.7
RANGUIN;Tarif normal;14.7
CROS DE CAGNES;Abonnement tout public;46.7
NICE RIQUIER;Abonnement tout public;225.8
NICE RIQUIER;Abonnement tout public;54.7
LE BOSQUET;Tarif normal;7.9
MONTDAUPHIN GUILLESTRE;Tarif normal;26.3
MOUANS-SARTOUX;Tarif normal;12.0
CANNES LA BOCCA;Abonnement tout public;68.1
CANNES;Abonnement tout public;204.6
JUAN LES PINS;Abonnement tout public;43.7
MARSEILLE ST CHARLES;Tarif normal;15.4
MEYRARGUES;Tarif normal;22.2
L'ESTAQUE;Tarif normal;14.8
L'ESTAQUE;Tarif normal;21.0
MIRAMAS;Tarif normal;24.7
ISTRES;Tarif normal;17.5
LA COURONNE CARRO;Tarif normal;4.4
SALON;Tarif normal;12.1
TOULON;Tarif normal;33.2
NICE VILLE;Tarif normal;26.2
CAGNES SUR MER;Tarif normal;9.8
GARDANNE;Tarif normal;17.8
AUBAGNE;Tarif normal;7.2
MARTIGUES;Tarif normal;9.4
CARRY LE ROUET;Tarif normal;11.4
ARLES;Tarif normal;12.1
CAP D'AIL;Tarif normal;4.4
LA GARDE;Tarif normal;3.9
LA GARDE;Tarif normal;5.7
LA PAULINE;Tarif normal;9.8
LA PAULINE;Tarif normal;26.7
SOLLIES PONT;Tarif normal;6.0
CUERS PIERREFEU;Tarif normal;4.8
CARNOULES;Tarif normal;28.7
MONACO MONTE CARLO;Tarif normal;13.4
HYERES;Tarif normal;31.6
CAGNES SUR MER;Tarif normal;6.0
NICE RIQUIER;Tarif normal;14.3
MONACO MONTE CARLO;Tarif normal;18.2
CAP MARTIN ROQUEBRUNE;Tarif normal;11.4
LA TRINITE VICTOR;Tarif normal;8.4
L'ESCARENE;Tarif normal;7.2
FREJUS;Tarif normal;16.0
CANNES;Tarif normal;6.7
VEYNES DEVOLUY;Tarif normal;12.3
BRIANCON;Tarif normal;34.7
FREJUS;Tarif normal;16.5
TARASCON SUR RHONE;Tarif normal;52.2
MARSEILLE ST CHARLES;Abonnement tout public;68.1
MANOSQUE GREOUX LES BAINS;Abonnement tout public;82.8
BANDOL;Abonnement tout public;111.8
NICE VILLE;Abonnement tout public;58.7
ST LAURENT DU VAR;Abonnement tout public;32.6
CANNES;Tarif normal;42.2
ST LAURENT DU VAR;Abonnement tout public;62.7
NICE RIQUIER;Abonnement tout public;69.9
MANOSQUE GREOUX LES BAINS;Tarif normal;24.6
GOLFE JUAN VALLAURIS;Tarif normal;27.5
MIRAMAS;Tarif normal;10.3
PAS DES LANCIERS;Tarif normal;12.0
ANTIBES;Tarif normal;11.4
BIOT;Tarif normal;6.0
BIOT;Tarif normal;8.4
LES ARCS DRAGUIGNAN;Tarif normal;41.9
LES ARCS DRAGUIGNAN;Tarif normal;9.1
LE BOSQUET;Tarif normal;5.9
VEYNES DEVOLUY;Tarif normal;15.2
MEYRARGUES;Tarif normal;27.6
CROS DE CAGNES;Tarif normal;3.7
AIX EN PROVENCE;Tarif normal;9.8
ST LAURENT DU VAR;Tarif normal;12.5
EZE;Tarif normal;6.4
CARNOLES;Tarif normal;5.0
AVIGNON CENTRE;Tarif normal;11.4
AVIGNON CENTRE;Tarif normal;12.3
LA TRINITE VICTOR;Tarif normal;6.2
PEILLE;Tarif normal;5.7
CUERS PIERREFEU;Tarif normal;6.7
ST RAPHAEL VALESCURE;Tarif normal;26.7
MANDELIEU LA NAPOULE;Tarif normal;6.9
NICE RIQUIER;Tarif normal;6.0
MENTON GARAVAN;Tarif normal;4.4
FREJUS;Tarif normal;37.2
MANDELIEU LA NAPOULE;Tarif normal;35.6
MANDELIEU LA NAPOULE;Tarif normal;9.6
CANNES LA BOCCA;Tarif normal;12.9
MARSEILLE ST CHARLES;Abonnement tout public;111.8
AIX EN PROVENCE;Abonnement tout public;43.7
L'ARIANE;Abonnement tout public;24.5
MONTDAUPHIN GUILLESTRE;Tarif normal;50.5
BRIANCON;Tarif normal;58.6
SERRES;Tarif normal;4.6
ST CYR LES LECQUES LA CADI;Abonnement tout public;92.0
LA CRAU;Abonnement tout public;39.3
NICE VILLE;Abonnement tout public;92.0
NICE VILLE;Abonnement tout public;54.7
CAGNES SUR MER;Abonnement tout public;24.5
CAGNES SUR MER;Abonnement tout public;41.5
CROS DE CAGNES;Abonnement tout public;30.4
CROS DE CAGNES;Abonnement tout public;24.5
MARSEILLE ST CHARLES;Tarif normal;15.2
MARSEILLE ST CHARLES;Tarif normal;11.6
CARPENTRAS;Tarif normal;8.2
NICE PONT MICHEL;Tarif normal;7.9
NICE PONT MICHEL;Tarif normal;9.1
MARSEILLE ST CHARLES;Tarif normal;5.7
AIX EN PROVENCE;Tarif normal;9.6
MEYRARGUES;Tarif normal;3.9
AIX EN PROVENCE;Tarif normal;15.4
L'ESTAQUE;Tarif normal;8.4
L'ESTAQUE;Tarif normal;4.8
RASSUEN;Tarif normal;13.8
MARTIGUES;Tarif normal;3.9
TOULON;Tarif normal;5.9
ST CYR LES LECQUES LA CADI;Tarif normal;11.8
SOLLIES PONT;Tarif normal;4.4
CARNOULES;Tarif normal;9.8
LA SEYNE SIX FOURS;Tarif normal;8.4
HYERES;Tarif normal;7.9
VILLENEUVE LOUBET PLAGE;Tarif normal;10.5
CAGNES SUR MER;Tarif normal;7.7
CROS DE CAGNES;Tarif normal;5.3
ST LAURENT DU VAR;Tarif normal;6.0
CAP MARTIN ROQUEBRUNE;Tarif normal;5.3
LA TRINITE VICTOR;Tarif normal;10.5
MENTON;Tarif normal;24.2
ST RAPHAEL VALESCURE;Tarif normal;55.0
CANNES LA BOCCA;Tarif normal;8.2
CANNES;Tarif normal;10.9
GOLFE JUAN VALLAURIS;Tarif normal;6.2
FREJUS;Tarif normal;7.2
ST RAPHAEL VALESCURE;Tarif normal;6.4
ST RAPHAEL VALESCURE;Tarif normal;9.1
ANTIBES;Tarif normal;13.8
CANNES;Tarif normal;19.0
ANTIBES;Tarif normal;9.1
GRASSE;Tarif normal;13.2
MARSEILLE ST CHARLES;Abonnement tout public;81.0
SIMIANE;Abonnement tout public;43.7
ARLES;Abonnement tout public;171.6
LAMANON;Abonnement tout public;104.9
TOULON;Abonnement tout public;110.1
AVIGNON CENTRE;Tarif normal;24.4
TOULON;Abonnement tout public;181.0
AVIGNON CENTRE;Tarif normal;3.7
LA GARDE;Abonnement tout public;37.0
LES ARCS DRAGUIGNAN;Abonnement tout public;60.7
SORGUES CHATEAUNEUF DU PAPE;Tarif normal;8.6
NICE RIQUIER;Abonnement tout public;60.7
MONACO MONTE CARLO;Abonnement tout public;30.4
MONACO MONTE CARLO;Abonnement tout public;84.6
MONTFAVET;Tarif normal;3.7
SOSPEL;Abonnement tout public;34.8
CANNES;Abonnement tout public;79.1
MONTEUX;Tarif normal;7.9
ANTIBES;Abonnement tout public;54.7
TARASCON SUR RHONE;Abonnement tout public;56.7
ST RAPHAEL VALESCURE;Abonnement tout public;133.8
MANDELIEU LA NAPOULE;Abonnement tout public;90.2
RANGUIN;Abonnement tout public;48.7
CHATEAU ARNOUX ST AUBAN;Tarif normal;5.0
ARLES;Tarif normal;60.4
LA SEYNE SIX FOURS;Tarif normal;32.5
LES ARCS DRAGUIGNAN;Tarif normal;16.5
HYERES;Tarif normal;33.3
CAGNES SUR MER;Tarif normal;18.0
CAP D'AIL;Tarif normal;12.5
MONACO MONTE CARLO;Tarif normal;28.7
MENTON;Tarif normal;14.8
AVIGNON TGV;Tarif normal;7.9
VINTIMILLE SNCF;Tarif normal;12.1
VINTIMILLE SNCF;Tarif normal;16.8
BREIL SUR ROYA;Tarif normal;7.2
MARSEILLE ST CHARLES;Tarif normal;25.5
MARSEILLE ST CHARLES;Tarif normal;44.0
VINTIMILLE SNCF;Tarif normal;9.6
LA BRILLANNE ORAISON;Tarif normal;4.6
MANOSQUE GREOUX LES BAINS;Tarif normal;30.9
ST RAPHAEL VALESCURE;Tarif normal;48.6
MARSEILLE BLANCARDE;Tarif normal;17.5
MEYRARGUES;Tarif normal;17.8
CASSIS;Tarif normal;37.2
CASSIS;Tarif normal;32.6
AUBAGNE;Tarif normal;18.3
AUBAGNE;Tarif normal;35.9
MARTIGUES;Tarif normal;8.9
LA COURONNE CARRO;Tarif normal;5.3
CARRY LE ROUET;Tarif normal;9.6
TOULON;Tarif normal;16.8
BANDOL;Tarif normal;33.7
LA SEYNE SIX FOURS;Tarif normal;5.0
TOULON;Tarif normal;15.0
LA GARDE;Tarif normal;18.9
LA SEYNE SIX FOURS;Tarif normal;21.4
PIGNANS;Tarif normal;10.5
LE LUC ET LE CANNET;Tarif normal;5.9
HYERES;Tarif normal;15.0
ST LAURENT DU VAR;Tarif normal;5.3
BOLLENE LA CROISIERE;Tarif normal;10.5
MONACO MONTE CARLO;Tarif normal;3.7
ST LAURENT DU VAR;Tarif normal;8.4
CARNOLES;Tarif normal;10.5
CANNES LA BOCCA;Tarif normal;11.8
CANNES;Tarif normal;41.7
ST RAPHAEL VALESCURE;Tarif normal;29.2
GRASSE;Tarif normal;17.0
ANTIBES;Tarif normal;6.4
BOLLENE LA CROISIERE;Tarif normal;8.4
GAP;Tarif normal;14.8
BRIANCON;Tarif normal;30.9
SERRES;Tarif normal;23.5
ORANGE;Tarif normal;9.6
SORGUES CHATEAUNEUF DU PAPE;Tarif normal;25.5
MOUANS-SARTOUX;Tarif normal;15.8
MARSEILLE ST CHARLES;Tarif normal;43.8
AVIGNON TGV;Tarif normal;9.6
MARSEILLE ST CHARLES;Tarif normal;29.7
LA BRILLANNE ORAISON;Tarif normal;15.5
MARSEILLE ST CHARLES;Tarif normal;13.2
MARSEILLE ST CHARLES;Tarif normal;12.1
GARDANNE;Tarif normal;20.4
AUBAGNE;Tarif normal;11.8
AUBAGNE;Tarif normal;8.4
AIX EN PROVENCE;Tarif normal;21.7
PORT DE BOUC;Tarif normal;10.3
ISTRES;Tarif normal;4.8
ARLES;Tarif normal;18.5
LA GARDE;Tarif normal;9.1
CARNOULES;Tarif normal;6.0
MARSEILLE ST CHARLES;Tarif normal;16.5
LA GARDE;Tarif normal;31.3
MARSEILLE ST CHARLES;Tarif normal;33.4
MARSEILLE ST CHARLES;Tarif normal;38.1
SISTERON;Tarif normal;15.2
GARDANNE;Tarif normal;11.8
SIMIANE;Tarif normal;46.8
NICE VILLE;Tarif normal;33.2
STE MARTHE EN PROVENCE;Tarif normal;16.3
VILLENEUVE LOUBET PLAGE;Tarif normal;13.2
CAGNES SUR MER;Tarif normal;18.7
LA SEYNE SIX FOURS;Tarif normal;4.8
CUERS PIERREFEU;Tarif normal;27.9
ST LAURENT DU VAR;Tarif normal;8.9
CAP MARTIN ROQUEBRUNE;Tarif normal;18.9
CARNOLES;Tarif normal;7.2
CROS DE CAGNES;Tarif normal;13.0
MENTON;Tarif normal;13.9
NICE RIQUIER;Tarif normal;5.5
MENTON GARAVAN;Tarif normal;12.5
BEAULIEU SUR MER;Tarif normal;5.7
EZE;Tarif normal;9.6
MONACO MONTE CARLO;Tarif normal;7.2
MENTON;Tarif normal;79.8
ST RAPHAEL VALESCURE;Tarif normal;45.7
LA BRIGUE;Tarif normal;15.7
SOSPEL;Tarif normal;10.2
TENDE;Tarif normal;15.8
CANNES;Tarif normal;6.7
JUAN LES PINS;Tarif normal;5.7
JUAN LES PINS;Tarif normal;16.2
CANNES LA BOCCA;Tarif normal;13.9
ANTIBES;Tarif normal;5.7
BIOT;Tarif normal;12.3
ANTIBES;Tarif normal;12.3
VINTIMILLE SNCF;Tarif normal;10.5
RANGUIN;Tarif normal;4.4
AIX EN PROVENCE;Tarif normal;23.5
MONTDAUPHIN GUILLESTRE;Tarif normal;38.5
ST MARCEL;Tarif normal;4.2
BIOT;Tarif normal;7.7
GRASSE;Tarif normal;17.8
LARAGNE;Tarif normal;13.7
LA FRAYERE;Tarif normal;10.2
ISTRES;Tarif normal;4.6
AVIGNON CENTRE;Tarif normal;25.1
ORANGE;Tarif normal;4.2
LA REDONNE ENSUES;Tarif normal;6.7
VEYNES DEVOLUY;Tarif normal;18.4
LA GARDE;Tarif normal;18.0
BRIANCON;Tarif normal;25.6
TARASCON SUR RHONE;Tarif normal;12.5
NICE VILLE;Tarif normal;6.7
VILLENEUVE LOUBET PLAGE;Tarif normal;38.8
CROS DE CAGNES;Tarif normal;5.9
ST LAURENT DU VAR;Tarif normal;7.7
CARNOLES;Tarif normal;3.7
CARNOLES;Tarif normal;10.9
MENTON GARAVAN;Tarif normal;12.1
DRAP CANTARON;Tarif normal;10.3
ST RAPHAEL VALESCURE;Tarif normal;14.8
CANNES LA BOCCA;Tarif normal;8.4
JUAN LES PINS;Tarif normal;11.8
LA FRAYERE;Tarif normal;10.7
EMBRUN;Tarif normal;14.6
BOLLENE LA CROISIERE;Tarif normal;36.4
SORGUES CHATEAUNEUF DU PAPE;Tarif normal;10.5
TARASCON SUR RHONE;Tarif normal;17.7
CARNOULES;Tarif normal;9.8
MARSEILLE ST CHARLES;Tarif normal;40.8
MARSEILLE BLANCARDE;Tarif normal;3.7
GARDANNE;Tarif normal;5.9
SIMIANE;Tarif normal;12.5
L'ESTAQUE;Tarif normal;42.2
MARTIGUES;Tarif normal;4.2
LA COURONNE CARRO;Tarif normal;6.2
TOULON;Tarif normal;32.8
TOULON;Tarif normal;34.9
LA SEYNE SIX FOURS;Tarif normal;19.5
NICE VILLE;Tarif normal;28.9
NICE VILLE;Tarif normal;5.0
NICE RIQUIER;Tarif normal;4.6
NICE RIQUIER;Tarif normal;10.5
MONACO MONTE CARLO;Tarif normal;5.3
MONACO MONTE CARLO;Tarif normal;12.9
FREJUS;Tarif normal;13.6
FREJUS;Tarif normal;10.3
MANDELIEU LA NAPOULE;Tarif normal;3.7
JUAN LES PINS;Tarif normal;3.9
ANTIBES;Tarif normal;26.7
VEYNES DEVOLUY;Tarif normal;6.7
MARSEILLE ST CHARLES;Tarif normal;16.7
MARSEILLE BLANCARDE;Tarif normal;17.0
SISTERON;Tarif normal;19.5
LA BRILLANNE ORAISON;Tarif normal;10.9
MANOSQUE GREOUX LES BAINS;Tarif normal;17.0
MANOSQUE GREOUX LES BAINS;Tarif normal;14.0
CASSIS;Tarif normal;4.6
MIRAMAS;Tarif normal;12.5
ST CHAMAS;Tarif normal;12.3
SALON;Tarif normal;12.5
LA GARDE;Tarif normal;4.4
SOLLIES PONT;Tarif normal;9.6
NICE VILLE;Tarif normal;9.4
CAP D'AIL;Tarif normal;15.2
MONACO MONTE CARLO;Tarif normal;17.5
MONACO MONTE CARLO;Tarif normal;13.8
CAP MARTIN ROQUEBRUNE;Tarif normal;8.4
MENTON;Tarif normal;9.1
MENTON;Tarif normal;14.1
LA TRINITE VICTOR;Tarif normal;3.7
SOSPEL;Tarif normal;6.2
FREJUS;Tarif normal;10.9
AGAY;Tarif normal;4.6
CANNES;Tarif normal;34.4
CANNES;Tarif normal;8.2
BIOT;Tarif normal;4.6
GRASSE;Tarif normal;29.5
GRASSE;Tarif normal;8.6
LA FRAYERE;Tarif normal;11.4
NICE PONT MICHEL;Tarif normal;6.9
MARSEILLE ST CHARLES;Tarif normal;10.5
MARSEILLE ST CHARLES;Tarif normal;16.5
AIX EN PROVENCE;Tarif normal;32.7
GARDANNE;Tarif normal;19.0
SEPTEMES;Tarif normal;12.5
PAS DES LANCIERS;Tarif normal;4.2
LA COURONNE CARRO;Tarif normal;4.4
SAUSSET LES PINS;Tarif normal;9.8
TOULON;Tarif normal;20.5
LA SEYNE SIX FOURS;Tarif normal;35.2
LE LUC ET LE CANNET;Tarif normal;11.4
NICE VILLE;Tarif normal;42.2
CAGNES SUR MER;Tarif normal;31.3
CAGNES SUR MER;Tarif normal;6.2
CROS DE CAGNES;Tarif normal;7.9
ST LAURENT DU VAR;Tarif normal;13.0
EZE;Tarif normal;11.2
MENTON;Tarif normal;10.7
FREJUS;Tarif normal;8.6
CANNES LA BOCCA;Tarif normal;6.0
CANNES;Tarif normal;9.4
BIOT;Tarif normal;12.9
LA FRAYERE;Tarif normal;5.3
LARAGNE;Tarif normal;5.2
COURTHEZON;Tarif normal;6.7
LE THOR;Tarif normal;3.7
MARSEILLE ST CHARLES;Tarif normal;28.9
AIX EN PROVENCE;Tarif normal;49.0
AIX EN PROVENCE;Tarif normal;9.8
PAS DES LANCIERS;Tarif normal;16.2
SAUSSET LES PINS;Tarif normal;4.2
LE LUC ET LE CANNET;Tarif normal;12.0
VILLENEUVE LOUBET PLAGE;Tarif normal;6.2
MARSEILLE BLANCARDE;Tarif normal;11.1
NICE RIQUIER;Tarif normal;6.4
MONACO MONTE CARLO;Tarif normal;9.8
L'ESCARENE;Tarif normal;7.2
SAINT ANTOINE;Tarif normal;5.0
BREIL SUR ROYA;Tarif normal;4.8
STE MARTHE EN PROVENCE;Tarif normal;41.5
MIRAMAS;Tarif normal;6.4
ST RAPHAEL VALESCURE;Tarif normal;9.8
JUAN LES PINS;Tarif normal;8.9
ANTIBES;Tarif normal;10.5
GRASSE;Tarif normal;8.6
CHORGES;Tarif normal;5.6
TOULON;Tarif normal;20.5
TOULON;Tarif normal;9.8
LA GARDE;Tarif normal;9.1
CUERS PIERREFEU;Tarif normal;3.7
CARNOULES;Tarif normal;20.5
HYERES;Tarif normal;19.4
CAGNES SUR MER;Tarif normal;7.7
CROS DE CAGNES;Tarif normal;5.0
EZE;Tarif normal;10.2
MONACO MONTE CARLO;Tarif normal;5.9
ARENC-EUROMEDITERRANEE;Tarif normal;10.9
MANDELIEU LA NAPOULE;Tarif normal;7.9
CANNES LA BOCCA;Tarif normal;10.0
JUAN LES PINS;Tarif normal;5.3
JUAN LES PINS;Tarif normal;5.0
LE BOSQUET;Tarif normal;12.9
GAP;Tarif normal;9.3
PAS DES LANCIERS;Tarif normal;22.0
LARAGNE;Tarif normal;16.6
BOLLENE LA CROISIERE;Tarif normal;21.2
MONTFAVET;Tarif normal;5.0
HYERES;Tarif normal;4.6
HYERES;Tarif normal;7.2
HYERES;Tarif normal;31.8
NICE VILLE;Tarif normal;4.6
BEAULIEU SUR MER;Tarif normal;6.4
ST RAPHAEL VALESCURE;Tarif normal;45.5
CANNES;Tarif normal;26.5
JUAN LES PINS;Tarif normal;10.7
ANTIBES;Tarif normal;35.9
GAP;Tarif normal;28.7
MARSEILLE ST CHARLES;Tarif normal;5.3
MARSEILLE ST CHARLES;Tarif normal;6.2
MARSEILLE ST CHARLES;Tarif normal;27.8
MARSEILLE ST CHARLES;Tarif normal;18.2
SISTERON;Tarif normal;10.3
L'ESTAQUE;Tarif normal;17.5
LA BARASSE;Tarif normal;3.9
ST CHAMAS;Tarif normal;10.9
LA REDONNE ENSUES;Tarif normal;6.4
TOULON;Tarif normal;24.4
TOULON;Tarif normal;4.6
TOULON;Tarif normal;28.3
MARSEILLE ST CHARLES;Tarif normal;36.7
MARSEILLE ST CHARLES;Tarif normal;32.8
MARSEILLE BLANCARDE;Tarif normal;7.4
BOULOURIS SUR MER;Tarif normal;9.1
MOUANS-SARTOUX;Tarif normal;6.2
LA CRAU;Tarif normal;3.9
HYERES;Tarif normal;10.3
NICE PONT MICHEL;Tarif normal;6.4
CAGNES SUR MER;Tarif normal;8.4
MARSEILLE ST CHARLES;Tarif normal;18.3
AIX EN PROVENCE;Tarif normal;24.4
MARSEILLE ST CHARLES;Tarif normal;26.8
NICE RIQUIER;Tarif normal;7.9
AIX EN PROVENCE;Tarif normal;36.8
MARSEILLE ST CHARLES;Tarif normal;25.2
MENTON;Abonnement tout public;25.9
MARSEILLE BLANCARDE;Tarif normal;4.4
MARSEILLE BLANCARDE;Tarif normal;7.9
THEOULE SUR MER;Abonnement tout public;54.7
CANNES;Abonnement tout public;246.1
L'ESTAQUE;Tarif normal;9.8
CANNES;Abonnement tout public;81.0
L'ESTAQUE;Tarif normal;14.8
JUAN LES PINS;Abonnement tout public;43.7
ANTIBES;Abonnement tout public;118.6
GARDANNE;Tarif normal;15.5
GRASSE;Abonnement tout public;115.2
LA FRAYERE;Abonnement tout public;54.7
LE BOSQUET;Abonnement tout public;110.1
SIMIANE;Tarif normal;34.3
AVIGNON CENTRE;Abonnement tout public;32.6
CASSIS;Tarif normal;33.9
PORT DE BOUC;Tarif normal;5.0
SAUSSET LES PINS;Tarif normal;9.1
MOUANS-SARTOUX;Tarif normal;10.3
MARTIGUES;Tarif normal;7.9
MARSEILLE ST CHARLES;Tarif normal;7.9
LA COURONNE CARRO;Tarif normal;21.9
LA BRILLANNE ORAISON;Tarif normal;25.9
PORT DE BOUC;Tarif normal;12.1
GARDANNE;Tarif normal;19.5
ARLES;Tarif normal;16.2
VINTIMILLE SNCF;Tarif normal;5.3
BOULOURIS SUR MER;Tarif normal;16.0
CASSIS;Tarif normal;15.4
SALON;Tarif normal;6.0
SAUSSET LES PINS;Tarif normal;5.3
SALON;Tarif normal;5.0
LE LUC ET LE CANNET;Tarif normal;5.7
ST CYR LES LECQUES LA CADI;Tarif normal;9.1
AGAY;Tarif normal;4.4
CANNES;Tarif normal;20.7
MARSEILLE ST CHARLES;Tarif normal;8.9
GRASSE;Tarif normal;42.9
TOULON;Tarif normal;31.2
ST CYR LES LECQUES LA CADI;Tarif normal;39.6
ARENC-EUROMEDITERRANEE;Tarif normal;14.1
LA SEYNE SIX FOURS;Tarif normal;6.9
ST CYR LES LECQUES LA CADI;Tarif normal;18.3
CARNOULES;Tarif normal;10.2
SOLLIES PONT;Tarif normal;6.9
NICE VILLE;Tarif normal;43.8
CARNOULES;Tarif normal;4.8
LA GARDE;Tarif normal;16.5
MOUANS-SARTOUX;Tarif normal;45.3
MONTEUX;Tarif normal;28.9
LES ARCS DRAGUIGNAN;Tarif normal;18.9
VILLENEUVE LOUBET PLAGE;Tarif normal;12.9
HYERES;Tarif normal;16.5
HYERES;Tarif normal;13.2
MARSEILLE BLANCARDE;Tarif normal;18.7
NICE VILLE;Tarif normal;4.8
SISTERON;Tarif normal;60.1
CROS DE CAGNES;Tarif normal;4.8
MARSEILLE ST CHARLES;Tarif normal;38.3
CAGNES SUR MER;Tarif normal;6.9
VILLENEUVE LOUBET PLAGE;Tarif normal;25.5
CAGNES SUR MER;Tarif normal;4.8
LA BRILLANNE ORAISON;Tarif normal;19.4
CROS DE CAGNES;Tarif normal;7.2
CAGNES SUR MER;Tarif normal;29.7
MONACO MONTE CARLO;Tarif normal;3.7
MARSEILLE ST CHARLES;Tarif normal;8.4
ST LAURENT DU VAR;Tarif normal;5.5
PERTUIS;Tarif normal;9.8
CAGNES SUR MER;Tarif normal;32.5
MARSEILLE ST CHARLES;Tarif normal;32.2
CAGNES SUR MER;Tarif normal;5.5
MARSEILLE ST CHARLES;Tarif normal;38.8
ST LAURENT DU VAR;Tarif normal;3.9
CHATEAU ARNOUX ST AUBAN;Tarif normal;16.4
ST LAURENT DU VAR;Tarif normal;7.4
L'ESTAQUE;Tarif normal;27.1
MENTON GARAVAN;Tarif normal;44.4
CANNES;Abonnement tout public;41.5
CANNES;Tarif normal;54.5
ST MARCEL;Tarif normal;10.2
CANNES;Tarif normal;29.1
LA PENNE SUR HUVEAUNE;Tarif normal;6.0
CAP D'AIL;Tarif normal;10.7
BEAULIEU SUR MER;Tarif normal;9.6
CANNES LA BOCCA;Tarif normal;7.9
MEYRARGUES;Tarif normal;8.2
ANTIBES;Tarif normal;12.1
AUBAGNE;Tarif normal;8.4
CANNES LA BOCCA;Tarif normal;4.8
AUBAGNE;Tarif normal;16.3
MONACO MONTE CARLO;Tarif normal;7.4
BEAULIEU SUR MER;Tarif normal;7.7
GRASSE;Tarif normal;10.2
AUBAGNE;Tarif normal;6.9
TENDE;Tarif normal;15.7
AUBAGNE;Tarif normal;22.0
LE BOSQUET;Tarif normal;11.2
GARDANNE;Tarif normal;10.5
LE BOSQUET;Tarif normal;11.8
CASSIS;Tarif normal;14.7
GRASSE;Tarif normal;15.8
MONACO MONTE CARLO;Tarif normal;9.4
MARSEILLE ST CHARLES;Tarif normal;19.4
L'ESTAQUE;Tarif normal;6.4
MARSEILLE ST CHARLES;Tarif normal;35.6
AUBAGNE;Tarif normal;20.2
CARPENTRAS;Tarif normal;25.2
AUBAGNE;Tarif normal;22.0
SISTERON;Tarif normal;37.3
ARLES;Abonnement tout public;95.7
SISTERON;Tarif normal;14.1
MARTIGUES;Tarif normal;44.8
MENTON;Tarif normal;12.5
CARNOLES;Tarif normal;9.4
SERRES;Tarif normal;53.6
PAS DES LANCIERS;Tarif normal;10.2
MONTFAVET;Tarif normal;4.6
CARRY LE ROUET;Tarif normal;16.3
MOUANS-SARTOUX;Abonnement tout public;56.7
MENTON GARAVAN;Tarif normal;14.1
MARSEILLE ST CHARLES;Abonnement tout public;99.3
TOUET DE L'ESCARENE;Tarif normal;7.7
L'ESCARENE;Tarif normal;6.4
LA COURONNE CARRO;Tarif normal;20.9
CANNES LA BOCCA;Tarif normal;5.0
TOULON;Tarif normal;8.9
MARSEILLE ST CHARLES;Abonnement tout public;187.3
SALON;Tarif normal;27.1
GARDANNE;Abonnement tout public;24.5
SALON;Tarif normal;12.1
CROIX SAINTE;Tarif normal;11.6
TOULON;Tarif normal;22.2
SOSPEL;Tarif normal;9.8
ST CYR LES LECQUES LA CADI;Tarif normal;7.4
SALON;Tarif normal;13.6
LA GARDE;Tarif normal;23.9
CUERS PIERREFEU;Tarif normal;19.7
SALON;Tarif normal;18.5
LA SEYNE SIX FOURS;Abonnement tout public;82.8
BANDOL;Tarif normal;23.8
VILLENEUVE LOUBET PLAGE;Tarif normal;10.7
LA PAULINE;Tarif normal;14.7
CROS DE CAGNES;Tarif normal;8.6
LA SEYNE SIX FOURS;Tarif normal;10.2
BEAULIEU SUR MER;Tarif normal;16.7
LA PAULINE;Tarif normal;8.2
CAP D'AIL;Tarif normal;7.2
LA SEYNE SIX FOURS;Tarif normal;17.8
NICE VILLE;Abonnement tout public;25.9
GAP;Tarif normal;49.9
MENTON GARAVAN;Tarif normal;11.2
SOLLIES PONT;Tarif normal;6.9
NICE VILLE;Abonnement tout public;58.7
AVIGNON CENTRE;Tarif normal;29.9
BOULOURIS SUR MER;Tarif normal;10.2
CAVAILLON;Tarif normal;14.7
ST LAURENT DU VAR;Abonnement tout public;39.3
GONFARON;Tarif normal;8.2
CANNES;Tarif normal;53.4
CUERS PIERREFEU;Tarif normal;22.4
NICE RIQUIER;Abonnement tout public;60.7
CAVAILLON;Tarif normal;6.7
BIOT;Tarif normal;3.7
LES ARCS DRAGUIGNAN;Tarif normal;25.1
MONACO MONTE CARLO;Abonnement tout public;88.3
VILLENEUVE LOUBET PLAGE;Tarif normal;6.4
CAP MARTIN ROQUEBRUNE;Abonnement tout public;54.7
CAGNES SUR MER;Tarif normal;4.8
LA FRAYERE;Tarif normal;5.7
LES ARCS DRAGUIGNAN;Tarif normal;21.5
GOLFE JUAN VALLAURIS;Abonnement tout public;41.5
VILLENEUVE LOUBET PLAGE;Tarif normal;10.2
LA FRAYERE;Tarif normal;8.2
ST LAURENT DU VAR;Tarif normal;6.7
AVIGNON CENTRE;Tarif normal;5.7
VILLENEUVE LOUBET PLAGE;Tarif normal;29.1
JUAN LES PINS;Tarif normal;6.0
CAGNES SUR MER;Tarif normal;10.5
JUAN LES PINS;Abonnement tout public;71.8
NICE VILLE;Tarif normal;3.9
LA FRAYERE;Tarif normal;4.6
ST LAURENT DU VAR;Tarif normal;39.3
ANTIBES;Abonnement tout public;39.3
NICE VILLE;Tarif normal;13.0
CARPENTRAS;Tarif normal;29.7
ST LAURENT DU VAR;Tarif normal;12.9
LE BOSQUET;Abonnement tout public;122.0
ST LAURENT DU VAR;Tarif normal;6.2
L'ESTAQUE;Abonnement tout public;32.6
NICE RIQUIER;Tarif normal;14.7
TOULON;Abonnement tout public;25.9
EZE;Tarif normal;4.6
COURTHEZON;Abonnement tout public;88.3
CAP D'AIL;Tarif normal;7.7
EMBRUN;Tarif normal;16.6
CAP D'AIL;Tarif normal;3.9
BRIANCON;Tarif normal;6.9
L'ESCARENE;Tarif normal;4.8
NICE VILLE;Abonnement tout public;24.5
MONACO MONTE CARLO;Tarif normal;14.5
CROS DE CAGNES;Abonnement tout public;37.0
TENDE;Tarif normal;4.2
RANGUIN;Tarif normal;6.0
BOULOURIS SUR MER;Tarif normal;8.9
MONACO MONTE CARLO;Abonnement tout public;75.5
LA TRINITE VICTOR;Tarif normal;10.7
CAVAILLON;Tarif normal;8.2
BREIL SUR ROYA;Tarif normal;8.9
AVIGNON CENTRE;Tarif normal;20.5
FREJUS;Tarif normal;12.3
MONTFAVET;Tarif normal;34.7
BREIL SUR ROYA;Tarif normal;11.2
MOUANS-SARTOUX;Tarif normal;11.6
CANNES LA BOCCA;Tarif normal;9.1
MOUANS-SARTOUX;Tarif normal;17.5
CANNES;Tarif normal;36.1
VINTIMILLE SNCF;Tarif normal;4.4
LA FRAYERE;Tarif normal;4.2
ANTIBES;Abonnement tout public;84.6
LE BOSQUET;Tarif normal;10.3
CAVAILLON;Abonnement tout public;171.6
BRIANCON;Tarif normal;20.9
CARPENTRAS;Abonnement tout public;217.1
AVIGNON TGV;Tarif normal;13.0
LA BRILLANNE ORAISON;Tarif normal;15.2
MARSEILLE ST CHARLES;Tarif normal;12.7
MEYRARGUES;Tarif normal;10.3
VEYNES DEVOLUY;Tarif normal;25.8
MEYRARGUES;Tarif normal;34.7
CAVAILLON;Tarif normal;10.0
STE MARTHE EN PROVENCE;Tarif normal;9.6
CHORGES;Tarif normal;4.7
PORT DE BOUC;Tarif normal;6.0
MARSEILLE BLANCARDE;Tarif normal;36.1
LA GARDE;Tarif normal;31.3
BOULOURIS SUR MER;Tarif normal;11.1
LE LUC ET LE CANNET;Tarif normal;13.2
BRIANCON;Tarif normal;37.6
VILLENEUVE LOUBET PLAGE;Tarif normal;5.7
CHATEAU ARNOUX ST AUBAN;Tarif normal;21.7
VILLENEUVE LOUBET PLAGE;Tarif normal;7.2
SERRES;Tarif normal;20.2
MARSEILLE ST CHARLES;Tarif normal;19.4
MEYRARGUES;Tarif normal;12.5
MANOSQUE GREOUX LES BAINS;Tarif normal;28.0
AIX EN PROVENCE;Tarif normal;16.4
AIX EN PROVENCE;Tarif normal;7.2
AIX EN PROVENCE;Tarif normal;19.5
GARDANNE;Tarif normal;4.8
CAVAILLON;Tarif normal;14.5
SIMIANE;Tarif normal;39.2
CARPENTRAS;Tarif normal;13.4
L'ESTAQUE;Tarif normal;5.7
MOUANS-SARTOUX;Abonnement tout public;37.0
ST LAURENT DU VAR;Tarif normal;11.1
MARSEILLE ST CHARLES;Abonnement tout public;30.4
SEPTEMES;Tarif normal;4.8
AUBAGNE;Tarif normal;10.0
MARTIGUES;Tarif normal;11.2
CASSIS;Tarif normal;7.4
LA COURONNE CARRO;Tarif normal;7.4
AIX EN PROVENCE;Abonnement tout public;34.8
SAUSSET LES PINS;Tarif normal;8.9
PAS DES LANCIERS;Tarif normal;6.2
ARLES;Tarif normal;24.2
LA PENNE SUR HUVEAUNE;Abonnement tout public;39.3
TOULON;Tarif normal;7.2
MARTIGUES;Tarif normal;15.2
GONFARON;Tarif normal;8.2
AUBAGNE;Abonnement tout public;28.2
LES ARCS DRAGUIGNAN;Tarif normal;14.3
CARRY LE ROUET;Tarif normal;4.4
LES ARCS DRAGUIGNAN;Tarif normal;17.8
ROGNAC;Abonnement tout public;86.5
CAGNES SUR MER;Tarif normal;7.4
CANNES;Tarif normal;13.6
CROS DE CAGNES;Tarif normal;18.3
CARRY LE ROUET;Abonnement tout public;64.7
MONACO MONTE CARLO;Tarif normal;37.1
ST CYR LES LECQUES LA CADI;Tarif normal;11.1
MENTON;Tarif normal;5.0
ARLES;Abonnement tout public;187.8
MENTON;Tarif normal;10.0
HYERES;Tarif normal;20.5
LA TRINITE VICTOR;Tarif normal;8.6
NICE VILLE;Tarif normal;10.2
AGAY;Tarif normal;26.3
CAGNES SUR MER;Tarif normal;6.7
RANGUIN;Tarif normal;8.6
ST LAURENT DU VAR;Tarif normal;4.2
VEYNES DEVOLUY;Tarif normal;4.7
CAP D'AIL;Tarif normal;12.3
AVIGNON CENTRE;Tarif normal;12.3
MONACO MONTE CARLO;Tarif normal;7.7
CAVAILLON;Tarif normal;13.4
MENTON;Tarif normal;15.8
ST RAPHAEL VALESCURE;Tarif normal;40.8
JUAN LES PINS;Tarif normal;9.6
MARSEILLE ST CHARLES;Abonnement tout public;50.7
NICE VILLE;Abonnement tout public;46.7
AUBAGNE;Abonnement tout public;101.2
MENTON;Tarif normal;47.0
MIRAMAS;Abonnement tout public;106.7
NICE VILLE;Abonnement tout public;54.7
ST MARTIN CRAU;Abonnement tout public;111.8
NICE VILLE;Abonnement tout public;81.0
TOULON;Abonnement tout public;60.7
NICE VILLE;Abonnement tout public;82.8
LA PAULINE;Abonnement tout public;155.9
CAGNES SUR MER;Abonnement tout public;34.8
LA PAULINE;Abonnement tout public;32.6
CAGNES SUR MER;Abonnement tout public;34.8
SOLLIES PONT;Abonnement tout public;84.6
MANDELIEU LA NAPOULE;Tarif normal;10.9
NICE VILLE;Abonnement tout public;43.7
CROS DE CAGNES;Abonnement tout public;34.8
MARSEILLE ST CHARLES;Tarif normal;39.2
ST LAURENT DU VAR;Abonnement tout public;97.5
ANTIBES;Tarif normal;10.2
NICE RIQUIER;Abonnement tout public;41.5
VILLENEUVE LOUBET PLAGE;Abonnement tout public;50.7
NICE RIQUIER;Abonnement tout public;48.7
VILLENEUVE LOUBET PLAGE;Abonnement tout public;75.5
JUAN LES PINS;Tarif normal;7.9
NICE RIQUIER;Abonnement tout public;115.2
NICE RIQUIER;Abonnement tout public;81.0
BEAULIEU SUR MER;Abonnement tout public;30.4
CANNES;Tarif normal;10.5
BEAULIEU SUR MER;Abonnement tout public;52.7
MONACO MONTE CARLO;Abonnement tout public;52.7
EZE;Abonnement tout public;52.7
GRASSE;Tarif normal;14.7
CANNES;Tarif normal;9.8
DRAP CANTARON;Abonnement tout public;28.2
CANNES;Tarif normal;4.4
MANDELIEU LA NAPOULE;Abonnement tout public;52.7
AUBAGNE;Tarif normal;4.6
CANNES;Abonnement tout public;75.5
CASSIS;Tarif normal;6.0
GOLFE JUAN VALLAURIS;Abonnement tout public;104.9
SEPTEMES;Tarif normal;4.6
AVIGNON CENTRE;Tarif normal;6.2
MIRAMAS;Tarif normal;11.4
BIOT;Abonnement tout public;50.7
LA COURONNE CARRO;Tarif normal;43.4
GRASSE;Abonnement tout public;137.2
TOULON;Tarif normal;30.9
LA FRAYERE;Abonnement tout public;43.7
ST CYR LES LECQUES LA CADI;Tarif normal;36.4
GAP;Tarif normal;14.1
GRASSE;Tarif normal;15.2
VEYNES DEVOLUY;Tarif normal;27.0
LA GARDE;Tarif normal;3.7
AUBAGNE;Abonnement tout public;48.7
LE BOSQUET;Tarif normal;6.4
MIRAMAS;Abonnement tout public;142.3
HYERES;Tarif normal;21.0
AVIGNON CENTRE;Abonnement tout public;69.9
MOUANS-SARTOUX;Tarif normal;6.9
BIOT;Tarif normal;8.2
MARSEILLE ST CHARLES;Tarif normal;25.1
AVIGNON CENTRE;Abonnement tout public;66.3
VILLENEUVE LOUBET PLAGE;Tarif normal;8.6
TOULON;Abonnement tout public;138.9
MARSEILLE BLANCARDE;Tarif normal;12.3
AVIGNON CENTRE;Abonnement tout public;56.7
CAGNES SUR MER;Tarif normal;9.6
TOULON;Abonnement tout public;39.3
EMBRUN;Tarif normal;19.5
LA GARDE;Abonnement tout public;150.8
STE MARTHE EN PROVENCE;Tarif normal;26.3
SOLLIES PONT;Abonnement tout public;46.7
CARNOLES;Tarif normal;12.3
LES ARCS DRAGUIGNAN;Abonnement tout public;125.4
CARNOLES;Tarif normal;11.8
CAGNES SUR MER;Abonnement tout public;68.1
AVIGNON CENTRE;Tarif normal;10.5
BEAULIEU SUR MER;Abonnement tout public;25.9
SAUSSET LES PINS;Tarif normal;6.4
TARASCON SUR RHONE;Tarif normal;33.0
MENTON GARAVAN;Tarif normal;7.4
CAVAILLON;Tarif normal;19.2
CARRY LE ROUET;Tarif normal;6.2
SERRES;Tarif normal;11.6
ARLES;Tarif normal;17.5
BOLLENE LA CROISIERE;Tarif normal;13.0
TARASCON SUR RHONE;Tarif normal;54.5
CAVAILLON;Tarif normal;7.2
BANDOL;Tarif normal;36.1
AVIGNON TGV;Tarif normal;6.4
BREIL SUR ROYA;Tarif normal;12.3
CARNOLES;Abonnement tout public;69.9
FREJUS;Tarif normal;31.8
FREJUS;Abonnement tout public;120.3
FREJUS;Tarif normal;5.0
JUAN LES PINS;Abonnement tout public;64.7
LE LUC ET LE CANNET;Tarif normal;4.6
JUAN LES PINS;Abonnement tout public;24.5
CAVAILLON;Tarif normal;7.4
AIX EN PROVENCE;Tarif normal;31.8
LES ARCS DRAGUIGNAN;Tarif normal;8.2
AUBAGNE;Tarif normal;21.9
LES ARCS DRAGUIGNAN;Tarif normal;27.6
CASSIS;Tarif normal;10.5
MANDELIEU LA NAPOULE;Tarif normal;4.2
SAUSSET LES PINS;Tarif normal;6.0
LA TRINITE VICTOR;Tarif normal;6.0
SALON;Tarif normal;10.3
ANTIBES;Tarif normal;7.4
BANDOL;Tarif normal;17.8
BEDARRIDES;Tarif normal;5.5
SOLLIES PONT;Tarif normal;5.9
CARPENTRAS;Tarif normal;6.7
MARSEILLE ST CHARLES;Tarif normal;38.5
CHORGES;Tarif normal;9.3
MOUANS-SARTOUX;Tarif normal;5.0
CARRY LE ROUET;Abonnement tout public;60.7
ARENC-EUROMEDITERRANEE;Tarif normal;6.4
SENAS;Abonnement tout public;95.7
MARSEILLE BLANCARDE;Tarif normal;40.3
TOULON;Abonnement tout public;92.0
CROS DE CAGNES;Tarif normal;9.6
TOULON;Abonnement tout public;46.7
L'ESTAQUE;Tarif normal;7.7
TOULON;Abonnement tout public;46.7
AUBAGNE;Tarif normal;12.9
LES ARCS DRAGUIGNAN;Abonnement tout public;140.6
CASSIS;Tarif normal;22.9
AVIGNON CENTRE;Tarif normal;18.2
ROGNAC;Tarif normal;19.0
AVIGNON CENTRE;Tarif normal;4.4
SALON;Tarif normal;10.5
BEAULIEU SUR MER;Abonnement tout public;46.7
TOULON;Tarif normal;25.2
MARSEILLE ST CHARLES;Tarif normal;22.2
LES ARCS DRAGUIGNAN;Tarif normal;18.0
MONACO MONTE CARLO;Abonnement tout public;64.7
HYERES;Tarif normal;14.7
MONACO MONTE CARLO;Abonnement tout public;39.3
NICE VILLE;Tarif normal;31.8
MARSEILLE ST CHARLES;Tarif normal;37.9
VILLENEUVE LOUBET PLAGE;Tarif normal;8.6
MARSEILLE BLANCARDE;Tarif normal;20.9
CAGNES SUR MER;Tarif normal;5.9
VINTIMILLE SNCF;Tarif normal;7.9
CAGNES SUR MER;Tarif normal;3.7
LA BARASSE;Tarif normal;4.6
EZE;Tarif normal;3.9
MARSEILLE ST CHARLES;Tarif normal;23.9
CARNOLES;Tarif normal;5.7
SISTERON;Tarif normal;26.4
L'ESCARENE;Tarif normal;3.9
AUBAGNE;Tarif normal;15.2
FREJUS;Tarif normal;16.3
AIX EN PROVENCE;Tarif normal;23.9
GAP;Tarif normal;29.9
AUBAGNE;Tarif normal;17.5
ST RAPHAEL VALESCURE;Tarif normal;32.2
ROGNAC;Tarif normal;10.3
MARSEILLE ST CHARLES;Abonnement tout public;48.7
CARRY LE ROUET;Tarif normal;23.9
SALON;Abonnement tout public;133.8
ARLES;Tarif normal;18.5
NICE VILLE;Abonnement tout public;25.9
TOULON;Tarif normal;13.6
NICE VILLE;Abonnement tout public;48.7
TOULON;Tarif normal;25.2
CANNES;Tarif normal;5.0
ORGON;Tarif normal;10.5
MARSEILLE ST CHARLES;Tarif normal;42.3
LA SEYNE SIX FOURS;Tarif normal;20.9
MARSEILLE ST CHARLES;Tarif normal;14.5
BANDOL;Tarif normal;19.5
MARSEILLE ST CHARLES;Tarif normal;6.9
BANDOL;Tarif normal;10.7
BEAULIEU SUR MER;Abonnement tout public;69.9
BANDOL;Tarif normal;47.8
AIX EN PROVENCE;Tarif normal;34.5
LA SEYNE SIX FOURS;Tarif normal;6.2
ST MARCEL;Tarif normal;6.2
LA PAULINE;Tarif normal;33.6
GOLFE JUAN VALLAURIS;Tarif normal;5.0
NICE VILLE;Tarif normal;38.5
PAS DES LANCIERS;Tarif normal;4.4
LA CRAU;Tarif normal;17.5
ANTIBES;Tarif normal;9.1
ST LAURENT DU VAR;Tarif normal;5.7
ANTIBES;Tarif normal;11.4
NICE RIQUIER;Tarif normal;16.5
PORT DE BOUC;Tarif normal;19.9
NICE RIQUIER;Tarif normal;9.6
LA COURONNE CARRO;Tarif normal;7.7
MENTON;Tarif normal;34.9
LA REDONNE ENSUES;Tarif normal;4.2
MENTON GARAVAN;Tarif normal;19.9
TOULON;Tarif normal;6.7
FREJUS;Tarif normal;12.0
BANDOL;Tarif normal;24.6
BREIL SUR ROYA;Tarif normal;9.6
LA SEYNE SIX FOURS;Tarif normal;41.5
CANNES;Tarif normal;13.4
RANGUIN;Tarif normal;13.4
LE BOSQUET;Tarif normal;10.5
LA PAULINE;Tarif normal;4.6
ANTIBES;Tarif normal;28.3
SOLLIES PONT;Tarif normal;10.3
VEYNES DEVOLUY;Tarif normal;22.2
HYERES;Tarif normal;11.4
GRASSE;Tarif normal;6.4
NICE VILLE;Tarif normal;7.4
CAVAILLON;Tarif normal;52.9
VILLENEUVE LOUBET PLAGE;Tarif normal;6.2
MARSEILLE BLANCARDE;Abonnement tout public;60.7
CAGNES SUR MER;Tarif normal;5.5
MANOSQUE GREOUX LES BAINS;Abonnement tout public;128.8
MANOSQUE GREOUX LES BAINS;Tarif normal;54.3
BOLLENE LA CROISIERE;Tarif normal;6.4
EMBRUN;Tarif normal;5.6
ARLES;Abonnement tout public;125.4
CASSIS;Tarif normal;44.5
ORANGE;Tarif normal;57.7
MONACO MONTE CARLO;Tarif normal;10.7
COURTHEZON;Tarif normal;8.4
CAP MARTIN ROQUEBRUNE;Tarif normal;9.4
LES ARCS DRAGUIGNAN;Abonnement tout public;144.0
MIRAMAS;Tarif normal;28.4
HYERES;Abonnement tout public;144.0
PAS DES LANCIERS;Tarif normal;22.7
NICE VILLE;Abonnement tout public;30.4
PAS DES LANCIERS;Tarif normal;10.0
BEAULIEU SUR MER;Abonnement tout public;24.5
CARNOLES;Tarif normal;13.9
CARNOLES;Abonnement tout public;39.3
TARASCON SUR RHONE;Tarif normal;12.7
ST RAPHAEL VALESCURE;Abonnement tout public;66.3
LA PAULINE;Tarif normal;13.2
CAVAILLON;Tarif normal;31.2
NICE VILLE;Tarif normal;13.8
CANNES;Abonnement tout public;28.2
CAP MARTIN ROQUEBRUNE;Tarif normal;3.7
MONTEUX;Tarif normal;5.7
CARNOLES;Tarif normal;5.3
GAP;Abonnement tout public;69.2
CARNOLES;Tarif normal;59.5
AVIGNON CENTRE;Abonnement tout public;82.8
SOSPEL;Tarif normal;6.9
CAP MARTIN ROQUEBRUNE;Abonnement tout public;24.5
TENDE;Tarif normal;17.3
CARNOLES;Abonnement tout public;58.7
ST RAPHAEL VALESCURE;Tarif normal;13.4
CANNES LA BOCCA;Abonnement tout public;60.7
ST RAPHAEL VALESCURE;Tarif normal;16.7
CANNES;Abonnement tout public;84.6
GOLFE JUAN VALLAURIS;Tarif normal;3.7
AVIGNON CENTRE;Abonnement tout public;104.9
JUAN LES PINS;Tarif normal;10.7
CASSIS;Tarif normal;11.1
JUAN LES PINS;Tarif normal;5.7
PAS DES LANCIERS;Tarif normal;18.2
GRASSE;Tarif normal;3.9
MARTIGUES;Tarif normal;5.0
RANGUIN;Tarif normal;11.1
MARTIGUES;Tarif normal;5.9
GRASSE;Tarif normal;13.8
LA SEYNE SIX FOURS;Tarif normal;17.0
LA FRAYERE;Tarif normal;16.5
SOLLIES PONT;Tarif normal;5.3
VEYNES DEVOLUY;Tarif normal;29.8
NICE VILLE;Tarif normal;14.7
LA FRAYERE;Tarif normal;5.7
CAGNES SUR MER;Tarif normal;11.8
VEYNES DEVOLUY;Tarif normal;39.2
CAP D'AIL;Tarif normal;10.2
LE BOSQUET;Tarif normal;7.4
CARNOLES;Tarif normal;6.4
AVIGNON CENTRE;Tarif normal;6.7
PEILLE;Tarif normal;6.2
NICE PONT MICHEL;Abonnement tout public;28.2
MOUANS-SARTOUX;Tarif normal;10.0
MARSEILLE BLANCARDE;Abonnement tout public;39.3
ARENC-EUROMEDITERRANEE;Tarif normal;9.6
L'ARIANE;Abonnement tout public;54.7
NICE PONT MICHEL;Tarif normal;16.3
ST CHAMAS;Abonnement tout public;104.9
MARSEILLE ST CHARLES;Tarif normal;17.7
BRIANCON;Tarif normal;18.4
ISTRES;Tarif normal;10.0
CUERS PIERREFEU;Abonnement tout public;147.4
SISTERON;Tarif normal;62.7
CARNOULES;Abonnement tout public;79.1
MARSEILLE ST CHARLES;Tarif normal;11.2
AVIGNON TGV;Tarif normal;13.0
MARSEILLE BLANCARDE;Tarif normal;4.4
VINTIMILLE SNCF;Tarif normal;26.2
MANOSQUE GREOUX LES BAINS;Tarif normal;17.2
NICE RIQUIER;Abonnement tout public;37.0
AUBAGNE;Tarif normal;25.1
SORGUES CHATEAUNEUF DU PAPE;Tarif normal;27.1
AUBAGNE;Tarif normal;41.7
EZE;Abonnement tout public;32.6
SIMIANE;Tarif normal;3.9
MOUANS-SARTOUX;Tarif normal;8.6
ST CHAMAS;Tarif normal;6.0
MARSEILLE BLANCARDE;Tarif normal;42.5
ISTRES;Tarif normal;12.0
SISTERON;Tarif normal;4.8
CASSIS;Tarif normal;8.4
L'ESTAQUE;Tarif normal;17.5
ROGNAC;Tarif normal;10.5
AUBAGNE;Tarif normal;8.4
CARRY LE ROUET;Tarif normal;10.0
MEYRARGUES;Tarif normal;10.5
ISTRES;Tarif normal;18.2
CASSIS;Tarif normal;33.0
ARLES;Tarif normal;12.0
ST CHAMAS;Tarif normal;7.4
CARRY LE ROUET;Tarif normal;28.6
CASSIS;Tarif normal;5.5
ANTIBES;Tarif normal;11.8
CASSIS;Tarif normal;34.5
ARLES;Tarif normal;10.9
LA REDONNE ENSUES;Tarif normal;24.6
SENAS;Tarif normal;18.2
TOULON;Tarif normal;14.3
TOULON;Tarif normal;29.5
ARLES;Tarif normal;10.9
TOULON;Tarif normal;22.9
TOULON;Tarif normal;26.5
SOLLIES PONT;Tarif normal;13.2
BANDOL;Tarif normal;11.2
LA CRAU;Tarif normal;28.4
TOULON;Tarif normal;17.7
LA CRAU;Tarif normal;8.9
TOULON;Tarif normal;34.0
SOLLIES PONT;Tarif normal;3.7
LA GARDE;Tarif normal;32.1
LA CRAU;Tarif normal;24.9
LES ARCS DRAGUIGNAN;Tarif normal;24.2
VILLENEUVE LOUBET PLAGE;Tarif normal;4.6
LES ARCS DRAGUIGNAN;Tarif normal;15.7
HYERES;Tarif normal;33.0
NICE VILLE;Tarif normal;74.5
CROS DE CAGNES;Tarif normal;10.2
LES ARCS DRAGUIGNAN;Tarif normal;22.5
ST LAURENT DU VAR;Tarif normal;4.6
NICE VILLE;Tarif normal;49.5
MONACO MONTE CARLO;Tarif normal;3.9
NICE VILLE;Tarif normal;16.0
AVIGNON CENTRE;Tarif normal;19.9
CARNOLES;Tarif normal;9.8
CARNOLES;Tarif normal;43.8
MENTON;Tarif normal;19.4
MONACO MONTE CARLO;Tarif normal;15.8
MONACO MONTE CARLO;Tarif normal;54.8
TARASCON SUR RHONE;Tarif normal;52.6
MONACO MONTE CARLO;Tarif normal;4.6
CAP MARTIN ROQUEBRUNE;Tarif normal;10.5
FREJUS;Tarif normal;8.4
JUAN LES PINS;Tarif normal;12.0
BOULOURIS SUR MER;Tarif normal;15.2
ANTIBES;Tarif normal;5.5
MENTON GARAVAN;Tarif normal;13.0
GOLFE JUAN VALLAURIS;Tarif normal;14.7
SOSPEL;Tarif normal;11.8
BIOT;Tarif normal;9.1
CANNES;Tarif normal;7.2
CAVAILLON;Tarif normal;16.0
JUAN LES PINS;Tarif normal;12.5
ORANGE;Tarif normal;39.6
LE TRAYAS;Tarif normal;5.5
SORGUES CHATEAUNEUF DU PAPE;Tarif normal;6.2
JUAN LES PINS;Tarif normal;5.3
TARASCON SUR RHONE;Tarif normal;28.1
MANDELIEU LA NAPOULE;Tarif normal;13.8
MEYRARGUES;Tarif normal;15.2
CANNES;Tarif normal;15.8
GARDANNE;Tarif normal;20.6
GRASSE;Tarif normal;5.3
MARSEILLE BLANCARDE;Tarif normal;21.5
BRIANCON;Tarif normal;27.4
SIMIANE;Tarif normal;6.2
GRASSE;Tarif normal;5.7
L'ESTAQUE;Tarif normal;3.7
BOLLENE LA CROISIERE;Tarif normal;12.3
L'ESTAQUE;Tarif normal;14.7
LE THOR;Tarif normal;8.6
PERTUIS;Tarif normal;11.8
MARSEILLE ST CHARLES;Abonnement tout public;171.6
ST CHAMAS;Tarif normal;6.7
ST CYR LES LECQUES LA CADI;Abonnement tout public;99.3
AUBAGNE;Tarif normal;10.9
BANDOL;Abonnement tout public;104.9
PORT DE BOUC;Tarif normal;9.1
PIGNANS;Abonnement tout public;68.1
MARTIGUES;Tarif normal;15.2
NICE VILLE;Abonnement tout public;24.5
TOULON;Tarif normal;11.1
SORGUES CHATEAUNEUF DU PAPE;Tarif normal;22.2
BANDOL;Tarif normal;18.9
CARNOLES;Abonnement tout public;52.7
LES ARCS DRAGUIGNAN;Tarif normal;10.2
ST RAPHAEL VALESCURE;Abonnement tout public;186.8
MARSEILLE ST CHARLES;Tarif normal;47.8
CANNES LA BOCCA;Abonnement tout public;81.0
LES ARCS DRAGUIGNAN;Tarif normal;10.2
CANNES;Abonnement tout public;62.7
LA PAULINE;Tarif normal;5.7
CANNES;Abonnement tout public;30.4
HYERES;Tarif normal;18.7
ANTIBES;Abonnement tout public;30.4
CUERS PIERREFEU;Tarif normal;7.2
BIOT;Abonnement tout public;48.7
AUBAGNE;Tarif normal;4.6
RANGUIN;Abonnement tout public;24.5
NICE VILLE;Tarif normal;50.4
AVIGNON CENTRE;Abonnement tout public;116.9
LES ARCS DRAGUIGNAN;Tarif normal;27.8
AVIGNON CENTRE;Abonnement tout public;56.7
VILLENEUVE LOUBET PLAGE;Tarif normal;11.2
ST RAPHAEL VALESCURE;Abonnement tout public;64.7
ARLES;Tarif normal;43.8
JUAN LES PINS;Abonnement tout public;37.0
ST MARTIN CRAU;Tarif normal;13.0
JUAN LES PINS;Abonnement tout public;39.3
SALON;Tarif normal;10.9
AVIGNON CENTRE;Abonnement tout public;54.7
BEAULIEU SUR MER;Tarif normal;6.2
AVIGNON CENTRE;Abonnement tout public;108.5
SALON;Tarif normal;12.0
MARSEILLE ST CHARLES;Tarif normal;7.2
TOULON;Tarif normal;27.9
MARSEILLE ST CHARLES;Tarif normal;8.4
CROS DE CAGNES;Tarif normal;7.2
ISTRES;Tarif normal;12.0
CAP D'AIL;Tarif normal;5.3
LA COURONNE CARRO;Tarif normal;10.3
LA SEYNE SIX FOURS;Tarif normal;31.0
ST CYR LES LECQUES LA CADI;Tarif normal;16.3
LES ARCS DRAGUIGNAN;Tarif normal;26.2
ST CYR LES LECQUES LA CADI;Tarif normal;10.9
LA CRAU;Tarif normal;15.2
MENTON;Tarif normal;9.6
NICE RIQUIER;Tarif normal;32.2
VINTIMILLE SNCF;Tarif normal;11.4
NICE RIQUIER;Tarif normal;15.2
AVIGNON TGV;Tarif normal;9.1
CAP D'AIL;Tarif normal;4.6
MOUANS-SARTOUX;Tarif normal;12.1
BREIL SUR ROYA;Tarif normal;15.4
CHATEAU ARNOUX ST AUBAN;Tarif normal;4.8
BREIL SUR ROYA;Tarif normal;10.9
L'ESTAQUE;Tarif normal;4.6
JUAN LES PINS;Tarif normal;7.2
MANOSQUE GREOUX LES BAINS;Tarif normal;32.8
GOLFE JUAN VALLAURIS;Tarif normal;5.5
AIX EN PROVENCE;Tarif normal;10.5
ANTIBES;Tarif normal;9.8
AUBAGNE;Tarif normal;28.3
GRASSE;Tarif normal;11.2
MIRAMAS;Tarif normal;18.0
CANNES;Tarif normal;4.2
ARLES;Tarif normal;25.9
ARENC-EUROMEDITERRANEE;Tarif normal;7.4
TOULON;Tarif normal;11.4
LE BOSQUET;Tarif normal;12.3
ST CYR LES LECQUES LA CADI;Tarif normal;34.9
LA BRILLANNE ORAISON;Tarif normal;5.0
LA PAULINE;Tarif normal;3.7
VEYNES DEVOLUY;Tarif normal;7.5
GRASSE;Tarif normal;5.9
GARDANNE;Tarif normal;38.8
BANDOL;Tarif normal;4.8
BRIANCON;Tarif normal;54.4
BEAULIEU SUR MER;Tarif normal;14.1
LARAGNE;Tarif normal;42.1
MENTON;Tarif normal;14.1
ROGNAC;Tarif normal;10.3
MENTON GARAVAN;Tarif normal;17.5
LARAGNE;Tarif normal;22.9
PEILLON STE THECLE;Tarif normal;5.0
AVIGNON CENTRE;Tarif normal;9.6
SOSPEL;Tarif normal;9.4
TARASCON SUR RHONE;Tarif normal;14.7
CAP MARTIN ROQUEBRUNE;Tarif normal;6.7
ORANGE;Tarif normal;12.1
CAP MARTIN ROQUEBRUNE;Tarif normal;4.6
CAVAILLON;Tarif normal;10.3
CAP MARTIN ROQUEBRUNE;Tarif normal;12.0
TOULON;Tarif normal;35.9
MONTFAVET;Tarif normal;10.3
LE LUC ET LE CANNET;Tarif normal;13.2
CARNOLES;Tarif normal;14.5
MONTFAVET;Tarif normal;24.1
AGAY;Tarif normal;10.2
CAVAILLON;Tarif normal;17.5
JUAN LES PINS;Tarif normal;27.9
VILLENEUVE LOUBET PLAGE;Tarif normal;5.9
BIOT;Tarif normal;6.0
CROS DE CAGNES;Tarif normal;5.9
GRASSE;Tarif normal;11.6
CARNOLES;Tarif normal;4.4
RANGUIN;Tarif normal;10.9
AGAY;Tarif normal;13.8
ANTIBES;Tarif normal;36.4
JUAN LES PINS;Tarif normal;5.0
GAP;Tarif normal;11.4
ANTIBES;Tarif normal;16.7
AVIGNON CENTRE;Tarif normal;13.6
RANGUIN;Tarif normal;6.7
LE THOR;Tarif normal;21.5
LE BOSQUET;Tarif normal;8.4
MOUANS-SARTOUX;Tarif normal;8.2
GAP;Tarif normal;45.9
MEYRARGUES;Tarif normal;29.9
VINTIMILLE SNCF;Tarif normal;5.0
AIX EN PROVENCE;Tarif normal;44.4
MARSEILLE ST CHARLES;Tarif normal;41.2
CASSIS;Tarif normal;15.0
ROGNAC;Tarif normal;20.5
SAINT ANTOINE;Tarif normal;5.9
SAUSSET LES PINS;Tarif normal;15.8
STE MARTHE EN PROVENCE;Tarif normal;7.4
NIOLON;Tarif normal;5.9
ISTRES;Tarif normal;7.9
PIGNANS;Tarif normal;9.4
SALON;Tarif normal;10.3
NICE VILLE;Tarif normal;9.8
BANDOL;Tarif normal;12.3
VILLENEUVE LOUBET PLAGE;Tarif normal;3.7
SOLLIES PONT;Tarif normal;25.4
NICE RIQUIER;Tarif normal;10.7
CARNOULES;Tarif normal;13.9
MONACO MONTE CARLO;Tarif normal;6.4
MARSEILLE ST CHARLES;Tarif normal;6.0
AVIGNON CENTRE;Abonnement tout public;199.0
MARSEILLE ST CHARLES;Tarif normal;23.0
CAP MARTIN ROQUEBRUNE;Tarif normal;23.8
SIMIANE;Tarif normal;42.3
LA TRINITE VICTOR;Tarif normal;4.4
L'ESTAQUE;Tarif normal;10.5
TENDE;Tarif normal;6.9
L'ESTAQUE;Tarif normal;39.5
MANDELIEU LA NAPOULE;Tarif normal;5.0
MIRAMAS;Tarif normal;11.2
ANTIBES;Tarif normal;11.1
MIRAMAS;Tarif normal;10.0
ANTIBES;Tarif normal;4.8
ROGNAC;Tarif normal;11.8
BIOT;Tarif normal;17.0
PORT DE BOUC;Tarif normal;10.3
LE BOSQUET;Tarif normal;3.7
MARTIGUES;Tarif normal;11.2
AVIGNON CENTRE;Tarif normal;35.9
SAUSSET LES PINS;Tarif normal;13.0
HALTE DE FONTANIL;Tarif normal;4.8
LA REDONNE ENSUES;Tarif normal;4.8
MARSEILLE ST CHARLES;Tarif normal;4.6
NIOLON;Tarif normal;4.4
MANOSQUE GREOUX LES BAINS;Tarif normal;8.1
TOULON;Tarif normal;35.9
MEYRARGUES;Tarif normal;25.9
MONACO MONTE CARLO;Tarif normal;7.9
AIX EN PROVENCE;Tarif normal;8.4
CUERS PIERREFEU;Tarif normal;19.0
L'ESTAQUE;Tarif normal;28.1
CARNOLES;Tarif normal;34.8
STE MARTHE EN PROVENCE;Tarif normal;6.0
MONACO MONTE CARLO;Tarif normal;36.1
SOLLIES PONT;Tarif normal;10.9
CAP MARTIN ROQUEBRUNE;Tarif normal;43.6
VILLENEUVE LOUBET PLAGE;Tarif normal;11.1
SOSPEL;Tarif normal;8.4
CAGNES SUR MER;Tarif normal;12.1
SOSPEL;Tarif normal;13.4
CAGNES SUR MER;Tarif normal;8.2
MENTON;Tarif normal;18.7
LA TRINITE VICTOR;Tarif normal;9.4
LE DRAMONT;Tarif normal;3.9
FREJUS;Tarif normal;13.9
FREJUS;Tarif normal;13.8
CANNES LA BOCCA;Tarif normal;3.7
ANTIBES;Tarif normal;6.7
GOLFE JUAN VALLAURIS;Tarif normal;12.3
GRASSE;Tarif normal;39.2
BIOT;Tarif normal;4.2
GRASSE;Tarif normal;17.5
GRASSE;Tarif normal;30.9
VINTIMILLE SNCF;Tarif normal;6.4
VEYNES DEVOLUY;Tarif normal;17.2
RANGUIN;Tarif normal;5.0
AIX EN PROVENCE;Tarif normal;36.4
MARSEILLE BLANCARDE;Tarif normal;7.2
GARDANNE;Tarif normal;49.1
LE BOSQUET;Tarif normal;4.4
ARLES;Tarif normal;15.2
NICE VILLE;Tarif normal;27.9
ANTIBES;Tarif normal;8.4
ST MARTIN CRAU;Tarif normal;18.0
AVIGNON TGV;Tarif normal;5.9
ANTIBES;Tarif normal;7.9
TOULON;Tarif normal;16.0
AVIGNON TGV;Tarif normal;18.0
LA PENNE SUR HUVEAUNE;Tarif normal;4.4
LA PAULINE;Tarif normal;5.0
SISTERON;Tarif normal;8.0
MONTDAUPHIN GUILLESTRE;Tarif normal;34.5
CARNOULES;Tarif normal;27.3
NICE PONT MICHEL;Tarif normal;13.4
AUBAGNE;Tarif normal;11.6
LES ARCS DRAGUIGNAN;Tarif normal;16.2
AUBAGNE;Tarif normal;18.7
BIOT;Tarif normal;6.7
NICE VILLE;Tarif normal;7.9
AUBAGNE;Tarif normal;16.5
MIRAMAS;Tarif normal;25.2
CROS DE CAGNES;Tarif normal;10.0
CASSIS;Tarif normal;18.0
RANGUIN;Tarif normal;3.7
NICE RIQUIER;Tarif normal;6.7
ROGNAC;Tarif normal;7.9
AVIGNON CENTRE;Tarif normal;13.0
MONACO MONTE CARLO;Tarif normal;36.7
ARLES;Tarif normal;14.5
SAUSSET LES PINS;Tarif normal;17.3
CAP MARTIN ROQUEBRUNE;Tarif normal;19.4
TOULON;Tarif normal;10.5
CAVAILLON;Tarif normal;10.9
MENTON;Tarif normal;44.0
MARSEILLE ST CHARLES;Tarif normal;39.9
GADAGNE;Tarif normal;5.7
FREJUS;Tarif normal;9.8
BANDOL;Tarif normal;10.7
MONTDAUPHIN GUILLESTRE;Tarif normal;28.0
GOLFE JUAN VALLAURIS;Tarif normal;4.4
BANDOL;Tarif normal;3.9
CAVAILLON;Tarif normal;13.8
ASPRES SUR BUECH;Tarif normal;8.0
MARSEILLE ST CHARLES;Tarif normal;42.0
LA GARDE;Tarif normal;30.9
MONTDAUPHIN GUILLESTRE;Tarif normal;4.8
SOLLIES PONT;Tarif normal;18.7
LARAGNE;Tarif normal;4.6
AVIGNON CENTRE;Tarif normal;55.5
SOLLIES PONT;Tarif normal;23.9
AVIGNON CENTRE;Tarif normal;45.1
MONTFAVET;Tarif normal;5.9
MARSEILLE BLANCARDE;Tarif normal;37.6
AVIGNON CENTRE;Tarif normal;8.6
MOUANS-SARTOUX;Tarif normal;17.8
CHATEAU ARNOUX ST AUBAN;Tarif normal;7.8
SORGUES CHATEAUNEUF DU PAPE;Tarif normal;4.6
MARSEILLE ST CHARLES;Tarif normal;27.8
NICE VILLE;Tarif normal;5.7
LES ARCS DRAGUIGNAN;Tarif normal;8.2
MARSEILLE ST CHARLES;Tarif normal;22.5
VILLENEUVE LOUBET PLAGE;Tarif normal;3.9
TARASCON SUR RHONE;Tarif normal;16.2
GARDANNE;Tarif normal;11.6
SIMIANE;Tarif normal;7.2
LA CRAU;Tarif normal;18.2
LA PENNE SUR HUVEAUNE;Tarif normal;17.2
FREJUS;Abonnement tout public;144.0
CAGNES SUR MER;Tarif normal;8.6
MIRAMAS;Tarif normal;20.7
SISTERON;Tarif normal;23.9
CAP D'AIL;Tarif normal;6.7
LA REDONNE ENSUES;Tarif normal;6.4
SISTERON;Tarif normal;20.6
CAP D'AIL;Tarif normal;5.3
SALON;Tarif normal;14.3
CHATEAU ARNOUX ST AUBAN;Tarif normal;16.4
MONACO MONTE CARLO;Tarif normal;22.5
BANDOL;Tarif normal;13.0
GOLFE JUAN VALLAURIS;Abonnement tout public;64.7
MONACO MONTE CARLO;Tarif normal;11.2
LA SEYNE SIX FOURS;Tarif normal;12.7
AUBAGNE;Tarif normal;26.4
MANDELIEU LA NAPOULE;Tarif normal;11.4
NICE VILLE;Tarif normal;5.3
JUAN LES PINS;Abonnement tout public;34.8
JUAN LES PINS;Tarif normal;11.4
CROS DE CAGNES;Tarif normal;11.8
JUAN LES PINS;Abonnement tout public;30.4
CAVAILLON;Tarif normal;29.9
ST LAURENT DU VAR;Tarif normal;14.1
CASSIS;Tarif normal;12.3
MARSEILLE ST CHARLES;Abonnement tout public;216.4
CHATEAU ARNOUX ST AUBAN;Tarif normal;12.9
AIX EN PROVENCE;Tarif normal;37.2
MARSEILLE ST CHARLES;Tarif normal;45.6
CAP D'AIL;Tarif normal;9.1
ANTIBES;Abonnement tout public;43.7
MARSEILLE ST CHARLES;Tarif normal;21.5
AIX EN PROVENCE;Tarif normal;45.9
GARDANNE;Tarif normal;4.8
AIX EN PROVENCE;Tarif normal;22.7
GARDANNE;Tarif normal;27.0
BIOT;Abonnement tout public;41.5
L'ESTAQUE;Tarif normal;4.2
MENTON;Tarif normal;14.3
GARDANNE;Tarif normal;35.7
CASSIS;Tarif normal;10.2
DRAP CANTARON;Tarif normal;4.2
MONACO MONTE CARLO;Tarif normal;25.7
SAUSSET LES PINS;Tarif normal;6.7
AUBAGNE;Tarif normal;19.4
AVIGNON CENTRE;Abonnement tout public;111.8
ARLES;Tarif normal;48.3
BREIL SUR ROYA;Tarif normal;3.9
STE MARTHE EN PROVENCE;Tarif normal;9.6
ARLES;Tarif normal;13.9
ROGNAC;Tarif normal;21.7
AVIGNON CENTRE;Abonnement tout public;37.0
TOULON;Tarif normal;27.5
CANNES;Tarif normal;4.4
PORT DE BOUC;Tarif normal;8.9
LA PAULINE;Tarif normal;26.8
GRASSE;Tarif normal;10.9
CAVAILLON;Abonnement tout public;140.6
LE LUC ET LE CANNET;Tarif normal;10.9
AVIGNON CENTRE;Tarif normal;22.0
PORT DE BOUC;Tarif normal;4.8
NICE VILLE;Tarif normal;5.9
MONTEUX;Tarif normal;6.9
ROGNAC;Tarif normal;17.0
NICE RIQUIER;Tarif normal;16.0
LA PAULINE;Tarif normal;17.0
SEPTEMES;Tarif normal;5.7
MONACO MONTE CARLO;Tarif normal;4.4
LES ARCS DRAGUIGNAN;Tarif normal;10.9
PORT DE BOUC;Tarif normal;14.3
AGAY;Tarif normal;5.9
NICE VILLE;Tarif normal;19.9
STE MARTHE EN PROVENCE;Tarif normal;22.9
CANNES LA BOCCA;Tarif normal;36.3
L'ESCARENE;Tarif normal;10.7
ISTRES;Tarif normal;14.5
GOLFE JUAN VALLAURIS;Tarif normal;8.6
NICE RIQUIER;Tarif normal;13.4
ARLES;Tarif normal;27.0
BIOT;Tarif normal;6.7
MOUANS-SARTOUX;Tarif normal;6.7
ARLES;Tarif normal;12.7
LA FRAYERE;Tarif normal;7.7
MARSEILLE BLANCARDE;Tarif normal;19.0
TENDE;Tarif normal;16.3
LA FRAYERE;Tarif normal;14.1
MANOSQUE GREOUX LES BAINS;Tarif normal;26.1
BOULOURIS SUR MER;Tarif normal;18.5
GAP;Tarif normal;6.7
CANNES LA BOCCA;Tarif normal;16.3
CARRY LE ROUET;Tarif normal;7.7
MONTDAUPHIN GUILLESTRE;Tarif normal;14.7
GRASSE;Tarif normal;16.8
CANNES LA BOCCA;Tarif normal;26.0
BOLLENE LA CROISIERE;Tarif normal;60.1
AVIGNON CENTRE;Tarif normal;5.0
BANDOL;Tarif normal;8.2
AVIGNON TGV;Tarif normal;6.2
PORT DE BOUC;Tarif normal;6.9
CANNES;Tarif normal;45.3
MARSEILLE ST CHARLES;Tarif normal;14.1
SORGUES CHATEAUNEUF DU PAPE;Tarif normal;12.0
CANNES;Tarif normal;3.7
MARSEILLE ST CHARLES;Tarif normal;32.7
CAVAILLON;Tarif normal;11.4
TOULON;Tarif normal;22.7
GARDANNE;Tarif normal;17.9
TOULON;Tarif normal;7.4
ST CYR LES LECQUES LA CADI;Tarif normal;24.9
SIMIANE;Tarif normal;11.2
ST CYR LES LECQUES LA CADI;Tarif normal;32.2
LA PAULINE;Tarif normal;8.4
L'ESTAQUE;Tarif normal;6.0
LA GARDE;Tarif normal;27.1
BANDOL;Tarif normal;7.7
AUBAGNE;Tarif normal;19.4
LE LUC ET LE CANNET;Tarif normal;6.4
LE LUC ET LE CANNET;Tarif normal;7.4
MIRAMAS;Tarif normal;30.8
LES ARCS DRAGUIGNAN;Tarif normal;14.8
LA SEYNE SIX FOURS;Tarif normal;29.1
ROGNAC;Tarif normal;4.4
ST LAURENT DU VAR;Tarif normal;9.8
CUERS PIERREFEU;Tarif normal;16.3
CARNOULES;Tarif normal;12.7
NICE RIQUIER;Tarif normal;4.4
LA GARDE;Tarif normal;14.1
NICE VILLE;Tarif normal;6.7
BEAULIEU SUR MER;Tarif normal;8.6
NICE VILLE;Tarif normal;34.9
MENTON GARAVAN;Tarif normal;3.7
CAP D'AIL;Tarif normal;18.2
LE LUC ET LE CANNET;Tarif normal;11.4
SOSPEL;Tarif normal;11.1
CAP MARTIN ROQUEBRUNE;Tarif normal;16.5
LA GARDE;Tarif normal;14.8
BREIL SUR ROYA;Tarif normal;46.8
LA TRINITE VICTOR;Tarif normal;7.2
NICE VILLE;Tarif normal;16.8
CANNES;Tarif normal;30.8
CANNES;Tarif normal;5.5
MONTEUX;Tarif normal;8.9
ANTIBES;Tarif normal;11.1
JUAN LES PINS;Tarif normal;4.8
LES ARCS DRAGUIGNAN;Tarif normal;14.5
BIOT;Tarif normal;19.7
BIOT;Tarif normal;11.6
VILLENEUVE LOUBET PLAGE;Tarif normal;55.2
BIOT;Tarif normal;5.5
BIOT;Tarif normal;7.2
NICE VILLE;Tarif normal;3.7
AVIGNON CENTRE;Tarif normal;17.2
LE BOSQUET;Tarif normal;4.4
LES ARCS DRAGUIGNAN;Tarif normal;5.9
ORANGE;Tarif normal;10.0
SERRES;Tarif normal;8.0
CAGNES SUR MER;Tarif normal;4.4
LE THOR;Tarif normal;5.0
BOLLENE LA CROISIERE;Tarif normal;28.7
VILLENEUVE LOUBET PLAGE;Tarif normal;20.0
LA REDONNE ENSUES;Tarif normal;5.3
SORGUES CHATEAUNEUF DU PAPE;Tarif normal;11.4
CROS DE CAGNES;Tarif normal;4.4
MEYRARGUES;Tarif normal;15.2
SORGUES CHATEAUNEUF DU PAPE;Tarif normal;5.9
VILLENEUVE LOUBET PLAGE;Tarif normal;7.2
AIX EN PROVENCE;Tarif normal;21.6
HYERES;Tarif normal;3.9
TOULON;Tarif normal;5.9
NICE RIQUIER;Tarif normal;7.4
LA PAULINE;Tarif normal;17.7
CROS DE CAGNES;Tarif normal;6.0
LA PAULINE;Tarif normal;4.6
NICE VILLE;Tarif normal;11.8
CAGNES SUR MER;Tarif normal;7.4
NICE VILLE;Tarif normal;15.4
CROS DE CAGNES;Tarif normal;8.9
ST LAURENT DU VAR;Tarif normal;11.6
ST LAURENT DU VAR;Tarif normal;33.0
VILLENEUVE LOUBET PLAGE;Tarif normal;7.4
NICE RIQUIER;Tarif normal;6.7
DRAP CANTARON;Tarif normal;9.4
BEAULIEU SUR MER;Tarif normal;5.9
ST LAURENT DU VAR;Tarif normal;14.7
MONACO MONTE CARLO;Tarif normal;13.0
ST LAURENT DU VAR;Tarif normal;9.6
FONTAN SAORGE;Tarif normal;12.0
ST RAPHAEL VALESCURE;Tarif normal;9.6
TENDE;Tarif normal;15.4
NICE RIQUIER;Tarif normal;5.3
TENDE;Tarif normal;14.1
MENTON;Tarif normal;3.9
BOLLENE LA CROISIERE;Tarif normal;24.7
DRAP CANTARON;Tarif normal;5.5
AVIGNON CENTRE;Tarif normal;53.4
TENDE;Tarif normal;8.6
CARPENTRAS;Tarif normal;5.9
FREJUS;Tarif normal;21.9
MOUANS-SARTOUX;Tarif normal;3.7
CAP D'AIL;Tarif normal;42.6
VINTIMILLE SNCF;Tarif normal;5.7
GOLFE JUAN VALLAURIS;Tarif normal;5.7
LA BRILLANNE ORAISON;Tarif normal;19.3
GOLFE JUAN VALLAURIS;Tarif normal;4.2
LA BRILLANNE ORAISON;Tarif normal;24.0
ANTHEOR CAP ROUX;Tarif normal;13.0
L'ESTAQUE;Tarif normal;12.7
ANTIBES;Tarif normal;23.0
L'ESTAQUE;Tarif normal;9.4
BREIL SUR ROYA;Tarif normal;6.7
L'ESTAQUE;Tarif normal;17.7
BIOT;Tarif normal;10.9
SAINT ANTOINE;Tarif normal;8.4
CAP MARTIN ROQUEBRUNE;Tarif normal;8.9
PORT DE BOUC;Tarif normal;15.2
ST RAPHAEL VALESCURE;Tarif normal;21.4
SAUSSET LES PINS;Tarif normal;10.0
BIOT;Tarif normal;8.6
CARRY LE ROUET;Tarif normal;12.0
AVIGNON TGV;Tarif normal;12.1
TOULON;Tarif normal;27.1
ORANGE;Tarif normal;6.4
LA SEYNE SIX FOURS;Tarif normal;6.2
SORGUES CHATEAUNEUF DU PAPE;Tarif normal;4.8
CUERS PIERREFEU;Tarif normal;5.7
MEYRARGUES;Tarif normal;12.9
LE LUC ET LE CANNET;Tarif normal;25.2
BOLLENE LA CROISIERE;Tarif normal;18.5
NICE VILLE;Tarif normal;13.0
BEDARRIDES;Tarif normal;27.8
VINTIMILLE SNCF;Tarif normal;15.8
MANDELIEU LA NAPOULE;Tarif normal;8.4
MANOSQUE GREOUX LES BAINS;Tarif normal;7.8
AIX EN PROVENCE;Tarif normal;28.7
CAP D'AIL;Tarif normal;11.8
GARDANNE;Tarif normal;29.9
MENTON;Tarif normal;49.0
MARSEILLE ST CHARLES;Abonnement tout public;138.9
AUBAGNE;Tarif normal;3.9
CASSIS;Tarif normal;7.7
ROGNAC;Tarif normal;6.7
SEPTEMES;Tarif normal;21.9
CANNES LA BOCCA;Tarif normal;14.1
ROGNAC;Tarif normal;14.5
ANTIBES;Tarif normal;29.4
L'ARIANE;Abonnement tout public;46.7
LA COURONNE CARRO;Tarif normal;5.0
L'ESTAQUE;Abonnement tout public;68.1
LA FRAYERE;Tarif normal;10.5
MARTIGUES;Tarif normal;42.2
ORANGE;Tarif normal;14.7
MIRAMAS;Abonnement tout public;81.0
CAVAILLON;Tarif normal;15.2
SALON;Tarif normal;3.9
CUERS PIERREFEU;Tarif normal;10.7
ST CYR LES LECQUES LA CADI;Tarif normal;16.5
NICE VILLE;Tarif normal;12.9
ST CYR LES LECQUES LA CADI;Tarif normal;11.6
VILLENEUVE LOUBET PLAGE;Tarif normal;10.2
SOLLIES PONT;Tarif normal;28.9
CAGNES SUR MER;Tarif normal;13.9
TENDE;Tarif normal;16.8
MENTON;Tarif normal;11.6
LES ARCS DRAGUIGNAN;Tarif normal;18.7
CANNES;Tarif normal;27.3
LA SEYNE SIX FOURS;Abonnement tout public;37.0
CANNES;Tarif normal;20.5
CUERS PIERREFEU;Abonnement tout public;43.7
GOLFE JUAN VALLAURIS;Tarif normal;6.2
CARNOULES;Abonnement tout public;82.8
LA PENNE SUR HUVEAUNE;Tarif normal;16.0
CARNOULES;Abonnement tout public;182.1
CASSIS;Tarif normal;29.9
EZE;Tarif normal;6.0
ROGNAC;Tarif normal;17.8
EZE;Tarif normal;14.7
FOS SUR MER;Tarif normal;12.7
LES ARCS DRAGUIGNAN;Abonnement tout public;178.6
PORT DE BOUC;Tarif normal;7.7
NICE VILLE;Abonnement tout public;178.6
CARRY LE ROUET;Tarif normal;14.1
NICE VILLE;Abonnement tout public;34.8
SALON;Tarif normal;13.6
BOULOURIS SUR MER;Tarif normal;14.7
TOULON;Tarif normal;36.3
MENTON;Tarif normal;34.9
ST CYR LES LECQUES LA CADI;Tarif normal;14.5
VILLENEUVE LOUBET PLAGE;Abonnement tout public;24.5
ST CYR LES LECQUES LA CADI;Tarif normal;27.0
FREJUS;Tarif normal;13.2
LA SEYNE SIX FOURS;Tarif normal;59.6
ANTIBES;Tarif normal;7.4
LA GARDE;Tarif normal;12.3
ST RAPHAEL VALESCURE;Tarif normal;20.5
LA CRAU;Tarif normal;4.4
CAGNES SUR MER;Abonnement tout public;30.4
NICE VILLE;Tarif normal;7.2
CROS DE CAGNES;Abonnement tout public;75.5
CAGNES SUR MER;Tarif normal;9.8
MANDELIEU LA NAPOULE;Tarif normal;7.7
CAGNES SUR MER;Tarif normal;15.0
CANNES;Tarif normal;26.5
EZE;Tarif normal;6.9
JUAN LES PINS;Tarif normal;12.0
CAP MARTIN ROQUEBRUNE;Tarif normal;11.1
BEAULIEU SUR MER;Abonnement tout public;50.7
MENTON GARAVAN;Tarif normal;5.9
ST RAPHAEL VALESCURE;Abonnement tout public;79.1
L'ESCARENE;Tarif normal;5.9
JUAN LES PINS;Abonnement tout public;122.0
JUAN LES PINS;Tarif normal;8.6
BIOT;Abonnement tout public;32.6
RANGUIN;Tarif normal;8.2
LE THOR;Tarif normal;7.2
BOLLENE LA CROISIERE;Tarif normal;33.2
LE BOSQUET;Abonnement tout public;81.0
ORANGE;Tarif normal;21.0
ST MARTIN CRAU;Abonnement tout public;144.0
LES ARCS DRAGUIGNAN;Abonnement tout public;123.7
NICE VILLE;Abonnement tout public;82.8
NICE VILLE;Abonnement tout public;75.5
CAGNES SUR MER;Abonnement tout public;79.1
ST LAURENT DU VAR;Abonnement tout public;25.9
ORANGE;Tarif normal;30.0
LE BOSQUET;Tarif normal;5.0
TARASCON SUR RHONE;Tarif normal;6.9
CARPENTRAS;Tarif normal;10.0
LARAGNE;Tarif normal;7.5
LE THOR;Tarif normal;6.2
MENTON GARAVAN;Abonnement tout public;32.6
ST RAPHAEL VALESCURE;Abonnement tout public;182.1
CANNES;Abonnement tout public;34.8
LA BARASSE;Tarif normal;13.2
ANTIBES;Abonnement tout public;60.7
ORANGE;Abonnement tout public;69.9
BEDARRIDES;Abonnement tout public;41.5
MARSEILLE ST CHARLES;Tarif normal;18.7
AUBAGNE;Tarif normal;12.1
MIRAMAS;Tarif normal;16.3
MARTIGUES;Tarif normal;20.7
LA COURONNE CARRO;Tarif normal;16.5
SALON;Tarif normal;6.0
BANDOL;Tarif normal;7.4
LA SEYNE SIX FOURS;Tarif normal;12.0
LES ARCS DRAGUIGNAN;Tarif normal;12.1
MOUANS-SARTOUX;Tarif normal;12.9
MOUANS-SARTOUX;Tarif normal;14.5
MOUANS-SARTOUX;Tarif normal;4.2
CAGNES SUR MER;Tarif normal;13.4
ARENC-EUROMEDITERRANEE;Tarif normal;4.2
VINTIMILLE SNCF;Tarif normal;17.2
MARSEILLE ST CHARLES;Tarif normal;17.5
MARSEILLE ST CHARLES;Tarif normal;17.2
ST LAURENT DU VAR;Tarif normal;30.9
STE MARTHE EN PROVENCE;Tarif normal;4.6
STE MARTHE EN PROVENCE;Tarif normal;20.0
MIRAMAS;Tarif normal;47.9
ROGNAC;Tarif normal;19.7
ISTRES;Tarif normal;10.7
MARTIGUES;Tarif normal;6.2
SAUSSET LES PINS;Tarif normal;5.5
ARLES;Tarif normal;13.8
HYERES;Tarif normal;8.9
NICE VILLE;Tarif normal;4.2
NICE VILLE;Tarif normal;10.0
NICE RIQUIER;Tarif normal;7.9
EZE;Tarif normal;5.9
EZE;Tarif normal;8.4
MENTON;Tarif normal;12.0
CAP MARTIN ROQUEBRUNE;Tarif normal;15.2
CARNOLES;Tarif normal;13.9
LA TRINITE VICTOR;Tarif normal;3.7
MENTON;Tarif normal;9.4
MANDELIEU LA NAPOULE;Tarif normal;6.0
GOLFE JUAN VALLAURIS;Tarif normal;7.9
ANTIBES;Tarif normal;5.5
BIOT;Tarif normal;6.7
BIOT;Tarif normal;14.8
RANGUIN;Tarif normal;16.5
AVIGNON CENTRE;Tarif normal;28.3
AVIGNON CENTRE;Tarif normal;20.4
CAVAILLON;Tarif normal;5.5
CARPENTRAS;Tarif normal;18.2
MOUANS-SARTOUX;Abonnement tout public;25.9
MARSEILLE ST CHARLES;Abonnement tout public;24.5
MARSEILLE BLANCARDE;Abonnement tout public;92.0
ST RAPHAEL VALESCURE;Tarif normal;19.4
AUBAGNE;Abonnement tout public;32.6
AUBAGNE;Abonnement tout public;68.1
CASSIS;Abonnement tout public;68.1
SEPTEMES;Abonnement tout public;164.6
BANDOL;Abonnement tout public;81.0
LA SEYNE SIX FOURS;Abonnement tout public;130.5
LA SEYNE SIX FOURS;Abonnement tout public;50.7
NICE VILLE;Abonnement tout public;32.6
VILLENEUVE LOUBET PLAGE;Abonnement tout public;28.2
CANNES;Tarif normal;10.0
MOUANS-SARTOUX;Tarif normal;7.4
NICE RIQUIER;Abonnement tout public;24.5
NICE RIQUIER;Abonnement tout public;64.7
CANNES;Tarif normal;14.5
LA BRILLANNE ORAISON;Tarif normal;10.3
CANNES;Tarif normal;8.9
ISTRES;Tarif normal;12.7
PORT DE BOUC;Tarif normal;5.3
SAUSSET LES PINS;Tarif normal;22.7
ARLES;Tarif normal;15.2
ST CYR LES LECQUES LA CADI;Tarif normal;19.0
GRASSE;Tarif normal;14.1
PIGNANS;Tarif normal;10.5
MARSEILLE ST CHARLES;Tarif normal;16.0
CROS DE CAGNES;Tarif normal;7.9
EMBRUN;Tarif normal;4.8
SIMIANE;Tarif normal;43.8
ST MARCEL;Tarif normal;5.3
BEAULIEU SUR MER;Tarif normal;5.9
MIRAMAS;Tarif normal;10.0
MENTON;Tarif normal;4.6
LA TRINITE VICTOR;Tarif normal;15.8
ARLES;Tarif normal;5.5
SALON;Tarif normal;18.2
ST RAPHAEL VALESCURE;Tarif normal;13.8
CARNOULES;Tarif normal;14.3
LE THOR;Tarif normal;18.5
ST RAPHAEL VALESCURE;Tarif normal;13.2
AGAY;Tarif normal;5.7
NICE VILLE;Tarif normal;52.9
CANNES LA BOCCA;Tarif normal;7.4
CROS DE CAGNES;Tarif normal;4.2
EZE;Tarif normal;3.7
MONACO MONTE CARLO;Tarif normal;12.3
DRAP CANTARON;Tarif normal;3.9
SOSPEL;Tarif normal;15.4
BREIL SUR ROYA;Tarif normal;13.8
FREJUS;Tarif normal;28.7
CANNES LA BOCCA;Tarif normal;13.9
CANNES;Tarif normal;7.7
CANNES;Tarif normal;7.7
GOLFE JUAN VALLAURIS;Tarif normal;11.4
GRASSE;Tarif normal;19.0
LE BOSQUET;Tarif normal;10.0
MARSEILLE ST CHARLES;Abonnement tout public;58.7
AUBAGNE;Abonnement tout public;127.1
STE MARTHE EN PROVENCE;Abonnement tout public;24.5
SAUSSET LES PINS;Abonnement tout public;68.1
ARLES;Abonnement tout public;81.0
ARLES;Abonnement tout public;46.7
ST MARTIN CRAU;Abonnement tout public;50.7
TOULON;Abonnement tout public;132.1
TOULON;Abonnement tout public;79.1
TOULON;Abonnement tout public;182.1
ST CYR LES LECQUES LA CADI;Abonnement tout public;97.5
NICE VILLE;Abonnement tout public;60.7
NICE VILLE;Abonnement tout public;24.5
NICE VILLE;Abonnement tout public;133.8
CROS DE CAGNES;Abonnement tout public;58.7
ST LAURENT DU VAR;Abonnement tout public;24.5
ST LAURENT DU VAR;Abonnement tout public;32.6
MONACO MONTE CARLO;Abonnement tout public;25.9
MARSEILLE ST CHARLES;Tarif normal;46.8
MONACO MONTE CARLO;Abonnement tout public;32.6
MARSEILLE ST CHARLES;Tarif normal;4.6
MARSEILLE BLANCARDE;Tarif normal;22.4
ST MARCEL;Tarif normal;14.3
MANOSQUE GREOUX LES BAINS;Tarif normal;21.2
MEYRARGUES;Tarif normal;31.7
AIX EN PROVENCE;Tarif normal;15.4
MIRAMAS;Tarif normal;7.7
CARRY LE ROUET;Tarif normal;15.0
LA REDONNE ENSUES;Tarif normal;12.7
TOULON;Tarif normal;31.8
CUERS PIERREFEU;Tarif normal;7.2
CARNOULES;Tarif normal;14.8
LA GARDE;Tarif normal;5.3
LA PAULINE;Tarif normal;12.9
CUERS PIERREFEU;Tarif normal;11.1
CARNOULES;Tarif normal;22.4
NICE VILLE;Tarif normal;10.2
LA CRAU;Tarif normal;6.2
NICE VILLE;Tarif normal;45.9
NICE VILLE;Tarif normal;32.5
ST LAURENT DU VAR;Tarif normal;19.7
ST LAURENT DU VAR;Tarif normal;8.9
ST LAURENT DU VAR;Tarif normal;10.7
MONACO MONTE CARLO;Tarif normal;34.0
ST LAURENT DU VAR;Tarif normal;8.6
NICE RIQUIER;Tarif normal;5.7
DRAP CANTARON;Tarif normal;7.9
SOSPEL;Tarif normal;13.9
FONTAN SAORGE;Tarif normal;13.0
MENTON;Tarif normal;29.9
ST RAPHAEL VALESCURE;Tarif normal;10.9
LA TRINITE VICTOR;Tarif normal;5.9
CANNES LA BOCCA;Tarif normal;6.4
SOSPEL;Tarif normal;6.2
CANNES;Tarif normal;13.0
ST RAPHAEL VALESCURE;Tarif normal;21.4
JUAN LES PINS;Tarif normal;27.9
JUAN LES PINS;Tarif normal;7.4
RANGUIN;Tarif normal;5.3
JUAN LES PINS;Tarif normal;10.2
ANTIBES;Tarif normal;8.2
MONTDAUPHIN GUILLESTRE;Tarif normal;6.9
BIOT;Tarif normal;10.5
SERRES;Tarif normal;9.3
LARAGNE;Tarif normal;26.5
AVIGNON CENTRE;Tarif normal;16.3
LE BOSQUET;Tarif normal;14.7
GAP;Tarif normal;8.0
CHORGES;Tarif normal;34.4
MONTDAUPHIN GUILLESTRE;Tarif normal;35.7
CARPENTRAS;Tarif normal;9.1
MARSEILLE ST CHARLES;Abonnement tout public;66.3
AUBAGNE;Abonnement tout public;110.1
CAGNES SUR MER;Abonnement tout public;54.7
LA TRINITE VICTOR;Abonnement tout public;39.3
MANDELIEU LA NAPOULE;Abonnement tout public;95.7
CANNES;Abonnement tout public;46.7
JUAN LES PINS;Abonnement tout public;88.3
BIOT;Abonnement tout public;79.1
LA FRAYERE;Abonnement tout public;82.8
LE BOSQUET;Abonnement tout public;37.0
CARPENTRAS;Abonnement tout public;66.3
MARSEILLE ST CHARLES;Abonnement tout public;205.2
CARNOLES;Abonnement tout public;24.5
LA TRINITE VICTOR;Abonnement tout public;24.5
FREJUS;Abonnement tout public;138.9
CANNES;Abonnement tout public;104.9
CANNES;Abonnement tout public;30.4
GOLFE JUAN VALLAURIS;Abonnement tout public;50.7
GOLFE JUAN VALLAURIS;Abonnement tout public;24.5
MORIERES LES AVIGNON;Abonnement tout public;30.4
HALTE DE FONTANIL;Tarif normal;33.3
MARSEILLE ST CHARLES;Tarif normal;43.0
LA BRILLANNE ORAISON;Tarif normal;32.6
SIMIANE;Tarif normal;5.7
MIRAMAS;Tarif normal;45.3
ISTRES;Tarif normal;48.9
LA COURONNE CARRO;Tarif normal;9.6
ARLES;Tarif normal;5.9
ST MARTIN CRAU;Tarif normal;6.2
TOULON;Tarif normal;29.7
LA GARDE;Tarif normal;17.2
LE LUC ET LE CANNET;Tarif normal;17.3
LES ARCS DRAGUIGNAN;Tarif normal;7.4
NICE VILLE;Tarif normal;10.0
BEAULIEU SUR MER;Tarif normal;8.4
MENTON;Tarif normal;41.7
MENTON;Tarif normal;17.0
BREIL SUR ROYA;Tarif normal;10.5
AVIGNON TGV;Tarif normal;25.5
LA BARASSE;Tarif normal;3.7
ARENC-EUROMEDITERRANEE;Tarif normal;5.5
NICE PONT MICHEL;Tarif normal;11.2
ST RAPHAEL VALESCURE;Tarif normal;12.7
AIX EN PROVENCE;Tarif normal;30.4
MARSEILLE ST CHARLES;Tarif normal;21.5
LA BRILLANNE ORAISON;Tarif normal;44.0
CANNES LA BOCCA;Tarif normal;5.5
AIX EN PROVENCE;Tarif normal;21.4
AUBAGNE;Tarif normal;10.2
CANNES;Tarif normal;21.4
ROGNAC;Tarif normal;22.2
ISTRES;Tarif normal;6.2
GOLFE JUAN VALLAURIS;Tarif normal;37.4
GOLFE JUAN VALLAURIS;Tarif normal;4.6
MIRAMAS;Tarif normal;6.9
GOLFE JUAN VALLAURIS;Tarif normal;16.3
JUAN LES PINS;Tarif normal;14.1
ST MARTIN CRAU;Tarif normal;16.5
TOULON;Tarif normal;18.5
LA SEYNE SIX FOURS;Tarif normal;7.9
LA GARDE;Tarif normal;28.6
CARNOULES;Tarif normal;7.4
CARNOULES;Tarif normal;4.4
NICE VILLE;Tarif normal;31.8
CHORGES;Tarif normal;8.6
ST LAURENT DU VAR;Tarif normal;9.8
NICE VILLE;Tarif normal;7.2
BEAULIEU SUR MER;Tarif normal;4.4
BEAULIEU SUR MER;Tarif normal;10.7
CROS DE CAGNES;Tarif normal;7.9
CARNOLES;Tarif normal;15.7
MENTON;Tarif normal;6.7
MENTON GARAVAN;Tarif normal;9.8
BEAULIEU SUR MER;Tarif normal;3.9
ORANGE;Tarif normal;6.2
MONACO MONTE CARLO;Tarif normal;16.0
MONACO MONTE CARLO;Tarif normal;10.3
MONTFAVET;Tarif normal;3.7
L'ESCARENE;Tarif normal;12.9
CANNES;Tarif normal;6.4
FREJUS;Tarif normal;20.0
GOLFE JUAN VALLAURIS;Tarif normal;11.2
CARPENTRAS;Tarif normal;17.7
ANTIBES;Tarif normal;22.4
GRASSE;Tarif normal;7.2
ANTIBES;Tarif normal;10.3
PICON BUSSERINE,;Tarif normal;6.2
CARPENTRAS;Tarif normal;11.8
LARAGNE;Tarif normal;8.3
AVIGNON TGV;Tarif normal;7.9
LA BARASSE;Tarif normal;14.1
MARSEILLE ST CHARLES;Tarif normal;28.7
MARSEILLE BLANCARDE;Tarif normal;11.2
MARSEILLE BLANCARDE;Tarif normal;15.2
CHATEAU ARNOUX ST AUBAN;Tarif normal;8.3
AIX EN PROVENCE;Tarif normal;41.7
GARDANNE;Tarif normal;13.5
SIMIANE;Tarif normal;6.0
MIRAMAS;Tarif normal;13.2
MIRAMAS;Tarif normal;16.3
FOS SUR MER;Tarif normal;10.9
TOULON;Tarif normal;30.0
TOULON;Tarif normal;36.5
LA SEYNE SIX FOURS;Tarif normal;21.4
BANDOL;Tarif normal;34.0
MOUANS-SARTOUX;Tarif normal;3.9
LA PAULINE;Tarif normal;38.5
MANOSQUE GREOUX LES BAINS;Tarif normal;15.1
CASSIS;Tarif normal;6.0
STE MARTHE EN PROVENCE;Tarif normal;6.2
CAGNES SUR MER;Tarif normal;39.3
NICE VILLE;Tarif normal;4.8
SAUSSET LES PINS;Tarif normal;11.2
ST LAURENT DU VAR;Tarif normal;18.7
ST MARTIN CRAU;Tarif normal;13.2
BEAULIEU SUR MER;Tarif normal;8.9
TOULON;Tarif normal;14.7
EZE;Tarif normal;4.6
ST CYR LES LECQUES LA CADI;Tarif normal;15.7
MONACO MONTE CARLO;Tarif normal;10.7
MONACO MONTE CARLO;Tarif normal;14.8
CARNOULES;Tarif normal;18.7
LES ARCS DRAGUIGNAN;Tarif normal;18.3
HYERES;Tarif normal;31.8
NICE VILLE;Tarif normal;3.9
NICE RIQUIER;Tarif normal;11.1
NICE RIQUIER;Tarif normal;11.4
BEAULIEU SUR MER;Tarif normal;5.3
MENTON GARAVAN;Tarif normal;11.6
BREIL SUR ROYA;Tarif normal;7.7
CAP MARTIN ROQUEBRUNE;Tarif normal;10.2
BREIL SUR ROYA;Tarif normal;8.6
MONACO MONTE CARLO;Tarif normal;8.4
FREJUS;Tarif normal;18.2
ST RAPHAEL VALESCURE;Tarif normal;16.0
CANNES;Tarif normal;38.8
BREIL SUR ROYA;Tarif normal;10.7
CANNES;Tarif normal;14.1
MANDELIEU LA NAPOULE;Tarif normal;12.1
GOLFE JUAN VALLAURIS;Tarif normal;12.0
JUAN LES PINS;Tarif normal;9.8
ANTIBES;Tarif normal;38.1
CANNES;Tarif normal;10.7
AVIGNON TGV;Tarif normal;5.5
MARSEILLE ST CHARLES;Tarif normal;22.0
SISTERON;Tarif normal;39.5
GAP;Tarif normal;4.7
EMBRUN;Tarif normal;26.1
LA PENNE SUR HUVEAUNE;Tarif normal;13.6
LARAGNE;Tarif normal;44.6
LARAGNE;Tarif normal;11.4
ST CHAMAS;Tarif normal;10.5
RANGUIN;Tarif normal;10.5
LARAGNE;Tarif normal;44.9
PAS DES LANCIERS;Tarif normal;13.4
LA FRAYERE;Tarif normal;6.2
MARTIGUES;Tarif normal;16.2
LA REDONNE ENSUES;Tarif normal;6.9
SALON;Tarif normal;15.4
CHORGES;Tarif normal;16.3
CAVAILLON;Tarif normal;5.7
BANDOL;Tarif normal;10.3
LA CRAU;Tarif normal;8.2
VILLENEUVE LOUBET PLAGE;Tarif normal;4.2
CROS DE CAGNES;Tarif normal;14.3
CAP D'AIL;Tarif normal;8.6
CAP MARTIN ROQUEBRUNE;Tarif normal;5.7
MENTON GARAVAN;Tarif normal;5.3
LA TRINITE VICTOR;Tarif normal;15.0
FREJUS;Tarif normal;11.4
ST RAPHAEL VALESCURE;Tarif normal;24.6
JUAN LES PINS;Tarif normal;4.4
JUAN LES PINS;Tarif normal;54.4
SERRES;Tarif normal;4.7
LE THOR;Tarif normal;5.5
MARSEILLE ST CHARLES;Tarif normal;21.7
MARSEILLE ST CHARLES;Tarif normal;19.2
ARLES;Tarif normal;10.2
TOULON;Tarif normal;37.7
ST CYR LES LECQUES LA CADI;Tarif normal;20.0
LA SEYNE SIX FOURS;Tarif normal;14.3
LA SEYNE SIX FOURS;Tarif normal;5.7
LA SEYNE SIX FOURS;Tarif normal;29.9
LE LUC ET LE CANNET;Tarif normal;20.7
LES ARCS DRAGUIGNAN;Tarif normal;13.2
LES ARCS DRAGUIGNAN;Tarif normal;24.1
NICE VILLE;Tarif normal;8.2
CAGNES SUR MER;Tarif normal;5.5
ST LAURENT DU VAR;Tarif normal;10.3
MENTON;Tarif normal;13.6
CANNES;Tarif normal;4.8
ANTIBES;Tarif normal;32.2
ANTIBES;Tarif normal;54.6
AVIGNON TGV;Tarif normal;10.9
MARSEILLE BLANCARDE;Tarif normal;14.3
LA POMME;Tarif normal;3.9
AUBAGNE;Tarif normal;29.2
AUBAGNE;Tarif normal;24.9
BANDOL;Tarif normal;8.9
LA GARDE;Tarif normal;5.0
CUERS PIERREFEU;Tarif normal;31.0
VILLENEUVE LOUBET PLAGE;Tarif normal;6.7
ST LAURENT DU VAR;Tarif normal;4.6
BEAULIEU SUR MER;Tarif normal;46.8
MONACO MONTE CARLO;Tarif normal;11.1
DRAP CANTARON;Tarif normal;5.7
DRAP CANTARON;Tarif normal;13.9
TENDE;Tarif normal;12.9
FREJUS;Tarif normal;7.4
MANDELIEU LA NAPOULE;Tarif normal;6.4
CANNES;Tarif normal;17.3
GOLFE JUAN VALLAURIS;Tarif normal;5.5
ANTIBES;Tarif normal;4.4
ANTIBES;Tarif normal;6.0
LA FRAYERE;Tarif normal;8.6
LE BOSQUET;Tarif normal;14.1
LE BOSQUET;Tarif normal;5.5
EMBRUN;Tarif normal;9.6
LES ARCS DRAGUIGNAN;Tarif normal;12.9
MARSEILLE ST CHARLES;Tarif normal;31.8
PERTUIS;Tarif normal;16.5
AIX EN PROVENCE;Tarif normal;33.9
MIRAMAS;Tarif normal;8.9
ISTRES;Tarif normal;10.3
ISTRES;Tarif normal;26.3
CARRY LE ROUET;Tarif normal;9.6
ST MARTIN CRAU;Tarif normal;17.7
SALON;Tarif normal;5.0
LA PAULINE;Tarif normal;24.4
LA PAULINE;Tarif normal;18.9
NICE VILLE;Tarif normal;7.2
NICE VILLE;Tarif normal;11.1
NICE VILLE;Tarif normal;10.9
VILLENEUVE LOUBET PLAGE;Tarif normal;9.4
CROS DE CAGNES;Tarif normal;11.2
MENTON GARAVAN;Tarif normal;6.4
SOSPEL;Tarif normal;4.8
ST DALMAS DE TENDE;Tarif normal;18.9
ST RAPHAEL VALESCURE;Tarif normal;7.9
LE TRAYAS;Tarif normal;5.7
MANDELIEU LA NAPOULE;Tarif normal;17.2
MANDELIEU LA NAPOULE;Tarif normal;15.0
CANNES LA BOCCA;Tarif normal;9.8
CANNES;Tarif normal;15.4
LE BOSQUET;Tarif normal;13.6
GAP;Tarif normal;16.4
GAP;Tarif normal;21.2
GAP;Tarif normal;25.9
AIX EN PROVENCE;Tarif normal;19.1
PORT DE BOUC;Tarif normal;42.9
SOLLIES PONT;Tarif normal;3.7
LES ARCS DRAGUIGNAN;Tarif normal;16.2
NICE VILLE;Tarif normal;57.4
VINTIMILLE SNCF;Tarif normal;14.1
LA BARASSE;Tarif normal;6.0
NICE RIQUIER;Tarif normal;7.4
MIRAMAS;Tarif normal;12.0
AGAY;Tarif normal;5.0
GOLFE JUAN VALLAURIS;Tarif normal;12.5
GOLFE JUAN VALLAURIS;Tarif normal;7.9
CHORGES;Tarif normal;19.0
TOULON;Tarif normal;32.8
AVIGNON CENTRE;Tarif normal;5.5
LA SEYNE SIX FOURS;Tarif normal;13.4
DRAP CANTARON;Tarif normal;10.9
L'ESCARENE;Tarif normal;9.8
SOSPEL;Tarif normal;10.3
AVIGNON TGV;Tarif normal;10.3
MARSEILLE ST CHARLES;Tarif normal;15.0
MARSEILLE BLANCARDE;Tarif normal;5.5
MANDELIEU LA NAPOULE;Tarif normal;5.9
CANNES;Tarif normal;44.4
CANNES;Tarif normal;25.4
LA PENNE SUR HUVEAUNE;Tarif normal;6.2
RANGUIN;Tarif normal;7.2
SERRES;Tarif normal;15.1
BOLLENE LA CROISIERE;Tarif normal;35.5
ORANGE;Tarif normal;34.3
ORANGE;Tarif normal;15.2
SAUSSET LES PINS;Tarif normal;13.4
LE THOR;Tarif normal;12.5
ST CYR LES LECQUES LA CADI;Tarif normal;3.9
LES ARCS DRAGUIGNAN;Tarif normal;20.4
HYERES;Tarif normal;26.0
HYERES;Tarif normal;9.8
ST LAURENT DU VAR;Tarif normal;8.4
MONACO MONTE CARLO;Tarif normal;16.7
MENTON;Tarif normal;5.3
MENTON;Tarif normal;19.9
MENTON GARAVAN;Tarif normal;10.5
CANNES LA BOCCA;Tarif normal;35.7
CANNES;Tarif normal;12.3
AVIGNON CENTRE;Tarif normal;23.9
